Date,Open,High,Low,Close,Volume,Dividends,Stock Splits
2010-11-10 00:00:00-05:00,0.29065270184041453,0.2920280396938324,0.2865267156054779,0.2920280396938324,521016000,0.0,0.0
2010-11-11 00:00:00-05:00,0.285151442328847,0.2938618536140228,0.28125468729544084,0.2890482246875763,1089980000,0.0,0.0
2010-11-12 00:00:00-05:00,0.3000507545161785,0.31357481783818375,0.2986754167799357,0.3039475083351135,2142560000,0.0,0.0
2010-11-15 00:00:00-05:00,0.30532292262245936,0.30967811433697845,0.2995923928268702,0.30028003454208374,733548000,0.0,0.0
2010-11-16 00:00:00-05:00,0.29523710499267475,0.29936309094915103,0.29088191429297566,0.29134035110473633,739356000,0.0,0.0
2010-11-17 00:00:00-05:00,0.29111116432920064,0.2995923696302532,0.28836051570535737,0.29615405201911926,551764000,0.0,0.0
2010-11-18 00:00:00-05:00,0.30005076398935543,0.30830273601671343,0.30005076398935543,0.3053228557109833,993120000,0.0,0.0
2010-11-19 00:00:00-05:00,0.3046351364885037,0.31632542370820715,0.30417669974613143,0.31517931818962097,716484000,0.0,0.0
2010-11-22 00:00:00-05:00,0.3131164353194658,0.3172423945928815,0.3103657593700962,0.3154086470603943,462668000,0.0,0.0
2010-11-23 00:00:00-05:00,0.3117410700549562,0.31495015528120485,0.30578130912013224,0.3080735206604004,457832000,0.0,0.0
2010-11-24 00:00:00-05:00,0.3112825771035475,0.31678387287846044,0.3110533450607128,0.3156377673149109,397784000,0.0,0.0
2010-11-26 00:00:00-05:00,0.3154086032644318,0.31724235054229466,0.31174105405807495,0.31174105405807495,143104000,0.0,0.0
2010-11-29 00:00:00-05:00,0.3103656640814346,0.31632542370820715,0.3089903538543178,0.31517931818962097,468192000,0.0,0.0
2010-11-30 00:00:00-05:00,0.31036572116349487,0.3135748336009386,0.30623973507267643,0.3119702637195587,720936000,0.0,0.0
2010-12-01 00:00:00-05:00,0.31815931363212896,0.32778659802204924,0.3177008767231463,0.3257236182689667,626536000,0.0,0.0
2010-12-02 00:00:00-05:00,0.32572345950157305,0.33168321838934545,0.3254942274961558,0.32962021231651306,529316000,0.0,0.0
2010-12-03 00:00:00-05:00,0.32801581243768935,0.33901843428611755,0.32732814344866523,0.33901843428611755,606044000,0.0,0.0
2010-12-06 00:00:00-05:00,0.34016454016784076,0.340852209156882,0.33122492528626285,0.3326002359390259,438424000,0.0,0.0
2010-12-07 00:00:00-05:00,0.3403937164215434,0.3513963364649584,0.3397060475453334,0.3433735966682434,1026812000,0.0,0.0
2010-12-08 00:00:00-05:00,0.342915213292295,0.3500210532528578,0.3403937694617384,0.34635353088378906,613252000,0.0,0.0
2010-12-09 00:00:00-05:00,0.33810148594662653,0.3429151404827859,0.33328783141046714,0.3406229019165039,942408000,0.0,0.0
2010-12-10 00:00:00-05:00,0.3406229015691911,0.3458949928831059,0.3397060280038639,0.34268590807914734,451900000,0.0,0.0
2010-12-13 00:00:00-05:00,0.344061208869595,0.3447488503072195,0.3330585633132559,0.3339754641056061,609108000,0.0,0.0
2010-12-14 00:00:00-05:00,0.340393733630238,0.3465826991783828,0.33397553600332935,0.33443397283554077,755160000,0.0,0.0
2010-12-15 00:00:00-05:00,0.33512164635277114,0.3392476325500182,0.3266404418763623,0.32709890604019165,624176000,0.0,0.0
2010-12-16 00:00:00-05:00,0.330537235715565,0.33237101046371764,0.32664045412874637,0.32755735516548157,631872000,0.0,0.0
2010-12-17 00:00:00-05:00,0.32778661123486386,0.3312249565041333,0.3238898563634545,0.3293911814689636,593156000,0.0,0.0
2010-12-20 00:00:00-05:00,0.3305372180480503,0.3321417606199255,0.32778654241018856,0.3280157744884491,344088000,0.0,0.0
2010-12-21 00:00:00-05:00,0.3312248594240229,0.34085214138031006,0.3309956273648175,0.34085214138031006,466952000,0.0,0.0
2010-12-22 00:00:00-05:00,0.3401644865530369,0.34497814139230515,0.3369554015437348,0.344519704580307,477988000,0.0,0.0
2010-12-23 00:00:00-05:00,0.3445197527031787,0.3445197527031787,0.3406229709436003,0.34199830889701843,273784000,0.0,0.0
2010-12-27 00:00:00-05:00,0.34108136795157407,0.3463534593006443,0.33489237570574915,0.34383201599121094,255500000,0.0,0.0
2010-12-28 00:00:00-05:00,0.3438319464148643,0.3461241572049387,0.3403936302297526,0.3424566090106964,194260000,0.0,0.0
2010-12-29 00:00:00-05:00,0.34222740432687376,0.34497805180990154,0.3392475248347154,0.3424566090106964,177660000,0.0,0.0
2010-12-30 00:00:00-05:00,0.3419983528019318,0.3456659029316654,0.3408522468020554,0.34360289573669434,174488000,0.0,0.0
2010-12-31 00:00:00-05:00,0.343832149910175,0.35345946278661033,0.34337371294589814,0.3530009984970093,391252000,0.0,0.0
2011-01-03 00:00:00-05:00,0.3557514698271037,0.36606641854027505,0.3552930058018271,0.36262810230255127,817448000,0.0,0.0
2011-01-04 00:00:00-05:00,0.36331576850298897,0.364920310604437,0.3534592565579392,0.36148199439048767,651384000,0.0,0.0
2011-01-05 00:00:00-05:00,0.3681295433364655,0.3896763773578703,0.3644620209570369,0.38921791315078735,1428216000,0.0,0.0
2011-01-06 00:00:00-05:00,0.39930367168567465,0.44331418732502886,0.39815756578844086,0.4430849552154541,3493312000,0.0,0.0
2011-01-07 00:00:00-05:00,0.43804199670772587,0.4568381510764161,0.4281854827321402,0.45546281337738037,2579984000,0.0,0.0
2011-01-10 00:00:00-05:00,0.44721099379465484,0.47380066462546205,0.44377267570404993,0.47288379073143005,1750348000,0.0,0.0
2011-01-11 00:00:00-05:00,0.47930189852974275,0.4838863215146231,0.45546285528785885,0.465548574924469,2711088000,0.0,0.0
2011-01-12 00:00:00-05:00,0.46577771808234286,0.5356901784786309,0.4641731759031528,0.5352317690849304,3431896000,0.0,0.0
2011-01-13 00:00:00-05:00,0.5295012978292805,0.546463705031189,0.5129973547438772,0.536148726940155,2695192000,0.0,0.0
2011-01-14 00:00:00-05:00,0.5269798906696923,0.5496727991307642,0.5237708057521174,0.5407331585884094,1595352000,0.0,0.0
2011-01-18 00:00:00-05:00,0.5333979727822663,0.5370655212208854,0.515060285239791,0.5281258821487427,1813348000,0.0,0.0
2011-01-19 00:00:00-05:00,0.5283551829266118,0.5409623167752748,0.5125389097858921,0.5136849880218506,1197896000,0.0,0.0
2011-01-20 00:00:00-05:00,0.5086421710266721,0.517123346959855,0.49947327162118654,0.5141434669494629,1111408000,0.0,0.0
2011-01-21 00:00:00-05:00,0.5196447129156463,0.526979809874617,0.5084128627755413,0.5093297362327576,739244000,0.0,0.0
2011-01-24 00:00:00-05:00,0.532710522042697,0.5741996499927582,0.5267508148729166,0.566864550113678,2056900000,0.0,0.0
2011-01-25 00:00:00-05:00,0.5643430102576918,0.5703027713543847,0.545776112672428,0.5494436621665955,1086856000,0.0,0.0
2011-01-26 00:00:00-05:00,0.5551741400460767,0.5730534225696315,0.5512773859539096,0.5625092387199402,1074660000,0.0,0.0
2011-01-27 00:00:00-05:00,0.5705318703573092,0.5719071532116365,0.5501311764355755,0.5609045624732971,657396000,0.0,0.0
2011-01-28 00:00:00-05:00,0.5622802545613599,0.5716783090207007,0.5317937694784827,0.5446301698684692,1094796000,0.0,0.0
2011-01-31 00:00:00-05:00,0.5455469626482046,0.5558618885692626,0.5366073201061509,0.5482975840568542,750160000,0.0,0.0
2011-02-01 00:00:00-05:00,0.5531110561460884,0.5650305203375194,0.5494435076831018,0.5609045624732971,654104000,0.0,0.0
2011-02-02 00:00:00-05:00,0.557695623441837,0.5998723597848513,0.557695623441837,0.586348295211792,1606616000,0.0,0.0
2011-02-03 00:00:00-05:00,0.5872650962847762,0.5872650962847762,0.5627383864874812,0.5753455758094788,1030776000,0.0,0.0
2011-02-04 00:00:00-05:00,0.5833685569203382,0.5929958150099962,0.5810763448060414,0.5884113907814026,872900000,0.0,0.0
2011-02-07 00:00:00-05:00,0.5803884390422419,0.5829098549446187,0.5618214902320116,0.5638844966888428,934236000,0.0,0.0
2011-02-08 00:00:00-05:00,0.5645723268197793,0.5682398766851787,0.5446300346736654,0.547151505947113,1076584000,0.0,0.0
2011-02-09 00:00:00-05:00,0.5492143824241259,0.5547157337870864,0.5240000557295463,0.5338565707206726,1277520000,0.0,0.0
2011-02-10 00:00:00-05:00,0.5219368984239435,0.5320226699131999,0.5180401454328926,0.5230830311775208,1042352000,0.0,0.0
2011-02-11 00:00:00-05:00,0.5212495473406291,0.554945116650661,0.5127683674682486,0.537982702255249,1359276000,0.0,0.0
2011-02-14 00:00:00-05:00,0.5444007609534556,0.56159237486106,0.5276676112149659,0.5297306180000305,1287828000,0.0,0.0
2011-02-15 00:00:00-05:00,0.5306474905419845,0.5324812379132158,0.514601955115857,0.5168942213058472,886980000,0.0,0.0
2011-02-16 00:00:00-05:00,0.5237711125286864,0.5434841523550449,0.5219373096084085,0.5359198451042175,1318364000,0.0,0.0
2011-02-17 00:00:00-05:00,0.5207909301839138,0.5962047543186277,0.5182694594543765,0.5886404514312744,3470096000,0.0,0.0
2011-02-18 00:00:00-05:00,0.5854311289461684,0.594829230760006,0.5783252924069452,0.5874941349029541,1394412000,0.0,0.0
2011-02-22 00:00:00-05:00,0.5682397456437245,0.569844288092819,0.5301889723843848,0.5320227742195129,1396648000,0.0,0.0
2011-02-23 00:00:00-05:00,0.5320228419864202,0.5370656747114444,0.499244156020587,0.5068084597587585,1491604000,0.0,0.0
2011-02-24 00:00:00-05:00,0.5093299842598441,0.528126145213686,0.5056624886450284,0.5191865563392639,1246120000,0.0,0.0
2011-02-25 00:00:00-05:00,0.5331688829403137,0.5386701794580413,0.5258337844829226,0.5299597978591919,775652000,0.0,0.0
2011-02-28 00:00:00-05:00,0.5386700585970783,0.5388993179447422,0.5074959791236163,0.5194154977798462,903696000,0.0,0.0
2011-03-01 00:00:00-05:00,0.5203324344143916,0.5269798632916075,0.49626418948173523,0.49626418948173523,988448000,0.0,0.0
2011-03-02 00:00:00-05:00,0.49557647730096693,0.5049745806570797,0.4641731920637637,0.47563424706459045,1718140000,0.0,0.0
2011-03-03 00:00:00-05:00,0.486637095527833,0.48938777204390593,0.4639441782221815,0.4783851206302643,1593704000,0.0,0.0
2011-03-04 00:00:00-05:00,0.4788434564781739,0.48365708443934324,0.47059148379428695,0.47586357593536377,959760000,0.0,0.0
2011-03-07 00:00:00-05:00,0.4793018518242577,0.48090639424754816,0.4572965853856885,0.46921607851982117,1019140000,0.0,0.0
2011-03-08 00:00:00-05:00,0.47425897181045684,0.47678038784654564,0.4382712051966613,0.44812774658203125,1947184000,0.0,0.0
2011-03-09 00:00:00-05:00,0.44675229186767423,0.4511075085944463,0.4348327743630828,0.43872955441474915,1318976000,0.0,0.0
2011-03-10 00:00:00-05:00,0.4286439489001006,0.4318530339840305,0.41030623006589223,0.4107646942138672,1722736000,0.0,0.0
2011-03-11 00:00:00-05:00,0.4142031225027164,0.42520574582512516,0.40480504215277235,0.41374465823173523,1486832000,0.0,0.0
2011-03-14 00:00:00-04:00,0.4169536604865022,0.4274978440558242,0.41030623090573276,0.41718289256095886,1003360000,0.0,0.0
2011-03-15 00:00:00-04:00,0.39678208976968476,0.41168148857661513,0.38990545677816785,0.40480485558509827,1256280000,0.0,0.0
2011-03-16 00:00:00-04:00,0.4011373717038088,0.4206211956449517,0.3965529489706728,0.40182504057884216,1476520000,0.0,0.0
2011-03-17 00:00:00-04:00,0.4125983717749439,0.41328604055537377,0.39426068336514,0.40938928723335266,1238516000,0.0,0.0
2011-03-18 00:00:00-04:00,0.4158075685006663,0.41718290634220767,0.403429609902744,0.4038880467414856,886960000,0.0,0.0
2011-03-21 00:00:00-04:00,0.4125984575527096,0.4167244437677557,0.40297117460114656,0.4070971608161926,751832000,0.0,0.0
2011-03-22 00:00:00-04:00,0.4059510042339429,0.40984775787827626,0.3981574696199629,0.3999912440776825,718332000,0.0,0.0
2011-03-23 00:00:00-04:00,0.3993036273277297,0.40938937449817114,0.390593218011313,0.4082432687282562,782396000,0.0,0.0
2011-03-24 00:00:00-04:00,0.4169535795988607,0.4458354764369316,0.41603670612953614,0.44079259037971497,1780592000,0.0,0.0
2011-03-25 00:00:00-04:00,0.44468958906062994,0.445835695122113,0.4263518647515762,0.4270395338535309,1196392000,0.0,0.0
2011-03-28 00:00:00-04:00,0.43712510055555237,0.4501907268625952,0.4332283467996423,0.4428556561470032,1204284000,0.0,0.0
2011-03-29 00:00:00-04:00,0.44285573942402157,0.444460282175204,0.4334576603701656,0.43941742181777954,715764000,0.0,0.0
2011-03-30 00:00:00-04:00,0.44285566284707256,0.44468943738504274,0.41741207870504393,0.42291340231895447,1176320000,0.0,0.0
2011-03-31 00:00:00-04:00,0.4236011954526999,0.4281856194798406,0.4153492212737177,0.4231427311897278,655112000,0.0,0.0
2011-04-01 00:00:00-04:00,0.42864394977747594,0.42910238660107347,0.4114523366273845,0.41718289256095886,850072000,0.0,0.0
2011-04-04 00:00:00-04:00,0.4171828604622129,0.4183289660956814,0.399303579789729,0.4022834599018097,924328000,0.0,0.0
2011-04-05 00:00:00-04:00,0.4082432401282344,0.4114523251290526,0.40205424754401836,0.40297114849090576,821076000,0.0,0.0
2011-04-06 00:00:00-04:00,0.405951072207725,0.4064095090675887,0.3967821983838605,0.4002205431461334,856984000,0.0,0.0
2011-04-07 00:00:00-04:00,0.40113737850201997,0.4174120904105918,0.3995328359832926,0.4148906469345093,1021208000,0.0,0.0
2011-04-08 00:00:00-04:00,0.4180997340388622,0.4180997340388622,0.40113735426834124,0.4022834599018097,746552000,0.0,0.0
2011-04-11 00:00:00-04:00,0.4038880639209998,0.40595107077106257,0.392656237930157,0.3970114290714264,546208000,0.0,0.0
2011-04-12 00:00:00-04:00,0.3931146180158313,0.4009081254563697,0.385779520042014,0.3981574773788452,840756000,0.0,0.0
2011-04-13 00:00:00-04:00,0.40228350567775273,0.40961857710154753,0.3972406457817261,0.4070971608161926,749588000,0.0,0.0
2011-04-14 00:00:00-04:00,0.4034296420801782,0.4245180115974592,0.4011374303783275,0.4242887794971466,1254704000,0.0,0.0
2011-04-15 00:00:00-04:00,0.42107967531065543,0.43414530329016343,0.4190166684755826,0.428873211145401,969720000,0.0,0.0
2011-04-18 00:00:00-04:00,0.4187874533177816,0.42153810170429845,0.40801403720550544,0.4146614670753479,743584000,0.0,0.0
2011-04-19 00:00:00-04:00,0.4148906274134719,0.4164951971820179,0.4018250284824202,0.413056880235672,659860000,0.0,0.0
2011-04-20 00:00:00-04:00,0.42818554075214893,0.43437450658579935,0.4187874622943451,0.42566409707069397,650516000,0.0,0.0
2011-04-21 00:00:00-04:00,0.4302485181103573,0.4329991938674402,0.42360111545648105,0.42451798915863037,421300000,0.0,0.0
2011-04-25 00:00:00-04:00,0.42635180110211585,0.43827129689703065,0.4261225689939114,0.4311654567718506,619612000,0.0,0.0
2011-04-26 00:00:00-04:00,0.4348328454034393,0.4467523648553696,0.4304776552904496,0.4423971474170685,676000000,0.0,0.0
2011-04-27 00:00:00-04:00,0.44468938581770323,0.44468938581770323,0.4332283031157753,0.4423971474170685,450004000,0.0,0.0
2011-04-28 00:00:00-04:00,0.44239725260327795,0.4561505496505703,0.43735439250361763,0.4472109079360962,684000000,0.0,0.0
2011-04-29 00:00:00-04:00,0.45019077507581784,0.4685284674913319,0.44950310614517264,0.458442747592926,836000000,0.0,0.0
2011-05-02 00:00:00-04:00,0.46807006505248705,0.4682992698159582,0.4499615771230237,0.4522537887096405,613824000,0.0,0.0
2011-05-03 00:00:00-04:00,0.4469818429009844,0.4483571539079293,0.4252057983750952,0.43070709705352783,808000000,0.0,0.0
2011-05-04 00:00:00-04:00,0.43208234711138094,0.4368960029655745,0.41947518183406735,0.427497923374176,639356000,0.0,0.0
2011-05-05 00:00:00-04:00,0.4240596128550945,0.4327700235704617,0.41832908308515837,0.4277271628379822,544000000,0.0,0.0
2011-05-06 00:00:00-04:00,0.4366666637593242,0.4469816419636844,0.4332283467996423,0.4428556561470032,841080000,0.0,0.0
2011-05-09 00:00:00-04:00,0.44423100363026924,0.455004419530469,0.4430848978813387,0.45271220803260803,706328000,0.0,0.0
2011-05-10 00:00:00-04:00,0.456379837159679,0.45683827407434796,0.4488155051036955,0.4533999562263489,690976000,0.0,0.0
2011-05-11 00:00:00-04:00,0.4556920454356576,0.46027644067337764,0.44927384838234735,0.45546281337738037,616000000,0.0,0.0
2011-05-12 00:00:00-04:00,0.4538582875512238,0.4703622312422461,0.4527121818685314,0.46990376710891724,1224000000,0.0,0.0
2011-05-13 00:00:00-04:00,0.44010492045287236,0.44125102594915677,0.4153490362680669,0.41855812072753906,2025192000,0.0,0.0
2011-05-16 00:00:00-04:00,0.41741210288750064,0.41832900387226296,0.4054926086881194,0.4057218134403229,728188000,0.0,0.0
2011-05-17 00:00:00-04:00,0.40434657792996315,0.4045757827246685,0.3924270541950042,0.4041173458099365,1420364000,0.0,0.0
2011-05-18 00:00:00-04:00,0.405721735840382,0.41695358630958856,0.40434642561426,0.41351526975631714,658844000,0.0,0.0
2011-05-19 00:00:00-04:00,0.4167244258561383,0.416953657929189,0.40136661474526303,0.40755558013916016,650884000,0.0,0.0
2011-05-20 00:00:00-04:00,0.4066387266749056,0.4155783407624145,0.40480495197545535,0.4146614670753479,575820000,0.0,0.0
2011-05-23 00:00:00-04:00,0.4087016646083334,0.41718286831591417,0.40342957313006583,0.4142029881477356,588000000,0.0,0.0
2011-05-24 00:00:00-04:00,0.41626589249258444,0.4325406007958234,0.4151197870437735,0.41580745577812195,720372000,0.0,0.0
2011-05-25 00:00:00-04:00,0.4137445593603715,0.42360110162590675,0.40961857318477807,0.4208504259586334,545312000,0.0,0.0
2011-05-26 00:00:00-04:00,0.42085042304466064,0.4350621561427822,0.4197043172996712,0.4313946068286896,706436000,0.0,0.0
2011-05-27 00:00:00-04:00,0.4332284302632516,0.44766936974109744,0.4327699933787033,0.4469817280769348,658824000,0.0,0.0
2011-05-31 00:00:00-04:00,0.45569209399512617,0.459588875449205,0.44468947320632046,0.45935961604118347,1200716000,0.0,0.0
2011-06-01 00:00:00-04:00,0.4572964720216414,0.45798414069695353,0.4378126537392307,0.43872955441474915,762208000,0.0,0.0
2011-06-02 00:00:00-04:00,0.43941737290276733,0.4426264580479036,0.4313946053892941,0.43666669726371765,607592000,0.0,0.0
2011-06-03 00:00:00-04:00,0.43162393750019606,0.4355206924582011,0.4210797513076435,0.4231427311897278,549300000,0.0,0.0
2011-06-06 00:00:00-04:00,0.42245495979418174,0.4263517135562702,0.4137445240254664,0.4142029881477356,435988000,0.0,0.0
2011-06-07 00:00:00-04:00,0.41741215573712825,0.4197043675012827,0.4121400632145091,0.4139738380908966,433956000,0.0,0.0
2011-06-08 00:00:00-04:00,0.4119108426626372,0.41443225911147896,0.39953288321492086,0.4027419686317444,569288000,0.0,0.0
2011-06-09 00:00:00-04:00,0.4025126952164635,0.4034295688005337,0.38371654081519907,0.3981574773788452,741632000,0.0,0.0
2011-06-10 00:00:00-04:00,0.39884516498712874,0.4013666084498755,0.3892178552750524,0.3924269676208496,493548000,0.0,0.0
2011-06-13 00:00:00-04:00,0.3924269207474459,0.3974697797452802,0.38692559766546236,0.3896762728691101,574760000,0.0,0.0
2011-06-14 00:00:00-04:00,0.3931147084621997,0.40159588670476565,0.39128093354683724,0.3928854763507843,534576000,0.0,0.0
2011-06-15 00:00:00-04:00,0.3876132370251865,0.38990544797057997,0.3763813869975726,0.38440415263175964,935916000,0.0,0.0
2011-06-16 00:00:00-04:00,0.38463342994304034,0.3905931904562837,0.36560807003956425,0.37110936641693115,1024908000,0.0,0.0
2011-06-17 00:00:00-04:00,0.37546457876407485,0.3756938108285535,0.35093789552807125,0.3623989522457123,1467884000,0.0,0.0
2011-06-20 00:00:00-04:00,0.3591899554211893,0.3667542601757772,0.3552931733208746,0.3580438494682312,745960000,0.0,0.0
2011-06-21 00:00:00-04:00,0.35941916647547467,0.3685880415841268,0.3559808485567258,0.36583736538887024,704276000,0.0,0.0
2011-06-22 00:00:00-04:00,0.36331586852519676,0.36812949615475044,0.36010675611351184,0.36079442501068115,651720000,0.0,0.0
2011-06-23 00:00:00-04:00,0.3562099209279427,0.37408917155199123,0.3530008092478106,0.3715677559375763,744024000,0.0,0.0
2011-06-24 00:00:00-04:00,0.36973406602325076,0.3729431511096199,0.35850221357032724,0.36079442501068115,529052000,0.0,0.0
2011-06-27 00:00:00-04:00,0.3607944219046365,0.363086633325257,0.3406229286127978,0.3532301187515259,1142152000,0.0,0.0
2011-06-28 00:00:00-04:00,0.3532302342978758,0.35941920169298225,0.35070878998026883,0.3552932143211365,692200000,0.0,0.0
2011-06-29 00:00:00-04:00,0.35758531259899623,0.3644619742453737,0.3452073817512115,0.36079442501068115,960544000,0.0,0.0
2011-06-30 00:00:00-04:00,0.36171130733623735,0.3692756107359796,0.35621001067750646,0.36537885665893555,652300000,0.0,0.0
2011-07-01 00:00:00-04:00,0.36537887249202744,0.37156786565793504,0.3580438008540942,0.3701925277709961,540804000,0.0,0.0
2011-07-05 00:00:00-04:00,0.3697340374409519,0.3731723543356836,0.3607943971194614,0.3640035092830658,535296000,0.0,0.0
2011-07-06 00:00:00-04:00,0.3637743510344355,0.36446202001796885,0.35483470889914087,0.3591899275779724,529580000,0.0,0.0
2011-07-07 00:00:00-04:00,0.3610238287271013,0.36285757689095427,0.35414716381133776,0.3605653643608093,986136000,0.0,0.0
2011-07-08 00:00:00-04:00,0.3555222526716627,0.35804369561482075,0.35070859880756444,0.35368847846984863,619516000,0.0,0.0
2011-07-11 00:00:00-04:00,0.34704117656766287,0.34841648711673395,0.3403937466085416,0.34131062030792236,714388000,0.0,0.0
2011-07-12 00:00:00-04:00,0.3397061292275238,0.3429152423130286,0.3309957184601844,0.33672624826431274,867604000,0.0,0.0
2011-07-13 00:00:00-04:00,0.3413106219835092,0.3436028335685315,0.33282944458399005,0.3360385298728943,634368000,0.0,0.0
2011-07-14 00:00:00-04:00,0.3374139474654353,0.3394769274491912,0.32113923043687537,0.3227437734603882,1088996000,0.0,0.0
2011-07-15 00:00:00-04:00,0.3245775009852146,0.32664048066616647,0.31655475971990393,0.3232021629810333,827736000,0.0,0.0
2011-07-18 00:00:00-04:00,0.3206807643510339,0.3225145120254575,0.312199558392878,0.3163255453109741,818200000,0.0,0.0
2011-07-19 00:00:00-04:00,0.3172423616273425,0.32664043971869633,0.3172423616273425,0.32595279812812805,602224000,0.0,0.0
2011-07-20 00:00:00-04:00,0.3270989075862698,0.32893265494898777,0.3209099145984877,0.3218268156051636,662956000,0.0,0.0
2011-07-21 00:00:00-04:00,0.3222852862099207,0.33924766969465336,0.3174716305651934,0.3369554579257965,1143420000,0.0,0.0
2011-07-22 00:00:00-04:00,0.3399352623246159,0.3449781216181691,0.33558004454698676,0.34383201599121094,737192000,0.0,0.0
2011-07-25 00:00:00-04:00,0.3385599479660083,0.33993528574323245,0.33351708832504545,0.3383307158946991,566920000,0.0,0.0
2011-07-26 00:00:00-04:00,0.32870350219080935,0.3369554759297349,0.3252651843538106,0.3300788402557373,698276000,0.0,0.0
2011-07-27 00:00:00-04:00,0.3254944025071174,0.327098972757164,0.3167839914974855,0.31770089268684387,652212000,0.0,0.0
2011-07-28 00:00:00-04:00,0.31655467791629543,0.323660516234098,0.31151179142101976,0.31701311469078064,648176000,0.0,0.0
2011-07-29 00:00:00-04:00,0.31380400261875857,0.31999299471290366,0.312199460245404,0.31701311469078064,677656000,0.0,0.0
2011-08-01 00:00:00-04:00,0.324348156075137,0.33489233757264575,0.32159750834870743,0.3339754641056061,1019620000,0.0,0.0
2011-08-02 00:00:00-04:00,0.3316833654633787,0.3525425034945702,0.33053725957870483,0.33053725957870483,1356432000,0.0,0.0
2011-08-03 00:00:00-04:00,0.3312249953773079,0.3406230491318772,0.32801588185780295,0.33947694301605225,765236000,0.0,0.0
2011-08-04 00:00:00-04:00,0.3332878159365014,0.3332878159365014,0.30715659260749817,0.30715659260749817,979732000,0.0,0.0
2011-08-05 00:00:00-04:00,0.3142624961934119,0.31815925012998403,0.2888189112567051,0.29684165120124817,1270588000,0.0,0.0
2011-08-08 00:00:00-04:00,0.28240074534148746,0.2924864930778702,0.27162732863950523,0.27346110343933105,1084180000,0.0,0.0
2011-08-09 00:00:00-04:00,0.2787331810982098,0.29684166872282286,0.27506565901655494,0.29638323187828064,1329832000,0.0,0.0
2011-08-10 00:00:00-04:00,0.2876728620417742,0.2959248356781881,0.2812546633607102,0.282859206199646,1140052000,0.0,0.0
2011-08-11 00:00:00-04:00,0.2828591208746728,0.31151178784257777,0.2828591208746728,0.30738580226898193,1078792000,0.0,0.0
2011-08-12 00:00:00-04:00,0.34016454257511636,0.340622979462615,0.29042349813650487,0.29523715376853943,3195784000,0.0,0.0
2011-08-15 00:00:00-04:00,0.298216991536341,0.307156632517825,0.2966124489987359,0.3064689636230469,864152000,0.0,0.0
2011-08-16 00:00:00-04:00,0.3030306714481847,0.3071566578315732,0.29225725496785976,0.2977585792541504,716868000,0.0,0.0
2011-08-17 00:00:00-04:00,0.29867548721341186,0.30371837521863654,0.28973587179564286,0.2936326265335083,553328000,0.0,0.0
2011-08-18 00:00:00-04:00,0.28033771226343673,0.28308836027551465,0.27048117117997383,0.27369028329849243,802564000,0.0,0.0
2011-08-19 00:00:00-04:00,0.26910596353642446,0.2840053422237035,0.2670429562460685,0.26887673139572144,761332000,0.0,0.0
2011-08-22 00:00:00-04:00,0.27644093131057035,0.27965004342908895,0.2707104032331942,0.27369028329849243,611876000,0.0,0.0
2011-08-23 00:00:00-04:00,0.2803377353510518,0.30348908162043897,0.2798792712068536,0.30325984954833984,938312000,0.0,0.0
2011-08-24 00:00:00-04:00,0.3025721462122047,0.3034890196627892,0.29111106412803883,0.2989045977592468,687500000,0.0,0.0
2011-08-25 00:00:00-04:00,0.29294489485123454,0.2982169865221344,0.28560982385600286,0.28606826066970825,690968000,0.0,0.0
2011-08-26 00:00:00-04:00,0.2849221095429406,0.30119681877439936,0.27987922342030663,0.29821693897247314,732660000,0.0,0.0
2011-08-29 00:00:00-04:00,0.3066982181418446,0.30738585976163146,0.29959235125129385,0.3062397539615631,601528000,0.0,0.0
2011-08-30 00:00:00-04:00,0.30417674323084415,0.31609623686307364,0.3021137366072777,0.31357482075691223,684760000,0.0,0.0
2011-08-31 00:00:00-04:00,0.3158670315011205,0.31907611647549844,0.30257220014597014,0.3050936162471771,705808000,0.0,0.0
2011-09-01 00:00:00-04:00,0.30921961240678414,0.3158670419672773,0.30417675271196176,0.30440595746040344,762312000,0.0,0.0
2011-09-02 00:00:00-04:00,0.2975293626683812,0.3016553492668058,0.2938618129530439,0.29615405201911926,471356000,0.0,0.0
2011-09-06 00:00:00-04:00,0.2865266986306759,0.30280141052224535,0.2837760504121148,0.30211374163627625,696248000,0.0,0.0
2011-09-07 00:00:00-04:00,0.3266405165195465,0.3355801598773359,0.31770090048708005,0.3266405165195465,1606620000,0.0,0.0
2011-09-08 00:00:00-04:00,0.32343141658754637,0.3312249535870498,0.31976386654950695,0.325035959482193,880164000,0.0,0.0
2011-09-09 00:00:00-04:00,0.3222852686314508,0.33099567834307725,0.31540863369995387,0.318159282207489,869828000,0.0,0.0
2011-09-12 00:00:00-04:00,0.3138040946834911,0.3284742670481838,0.3138040946834911,0.3257236182689667,916480000,0.0,0.0
2011-09-13 00:00:00-04:00,0.3284741144421154,0.3346631054766564,0.32343125613552975,0.33305853605270386,853836000,0.0,0.0
2011-09-14 00:00:00-04:00,0.3417691544533569,0.35460555282458855,0.34153992231892233,0.35025033354759216,1547192000,0.0,0.0
2011-09-15 00:00:00-04:00,0.35804389078591664,0.3598776659873286,0.35208412821265894,0.3552932143211365,752908000,0.0,0.0
2011-09-16 00:00:00-04:00,0.35598076920292976,0.3690463962418961,0.35254245205063667,0.3543762266635895,1391588000,0.0,0.0
2011-09-19 00:00:00-04:00,0.3484165601124158,0.35093800430194894,0.33810160586939986,0.3470412492752075,968204000,0.0,0.0
2011-09-20 00:00:00-04:00,0.3513963376936053,0.3527716754508341,0.3364969637333251,0.33810150623321533,792436000,0.0,0.0
2011-09-21 00:00:00-04:00,0.339935310297211,0.34589504400325916,0.33145410560057914,0.33168333768844604,715252000,0.0,0.0
2011-09-22 00:00:00-04:00,0.3186176888537399,0.3190761256739649,0.30371831458187487,0.3096780478954315,1314632000,0.0,0.0
2011-09-23 00:00:00-04:00,0.30784424343072603,0.3250358259355984,0.3060104691651442,0.3160961866378784,1011440000,0.0,0.0
2011-09-26 00:00:00-04:00,0.319992957119663,0.32090983056091776,0.3025721431333457,0.3167838454246521,972124000,0.0,0.0
2011-09-27 00:00:00-04:00,0.3248066847258227,0.32755733299925294,0.3147209379561574,0.3172423541545868,781388000,0.0,0.0
2011-09-28 00:00:00-04:00,0.3179299922528128,0.3259527588714787,0.30257218249917195,0.3076150417327881,1236532000,0.0,0.0
2011-09-29 00:00:00-04:00,0.313116361162793,0.3183884523833806,0.29225720100506025,0.3000507354736328,866416000,0.0,0.0
2011-09-30 00:00:00-04:00,0.2952370651662548,0.2968416074536277,0.2862974255789289,0.28675588965415955,677784000,0.0,0.0
2011-10-03 00:00:00-04:00,0.28308842830931513,0.29202807065364755,0.27071046829223633,0.27071046829223633,949896000,0.0,0.0
2011-10-04 00:00:00-04:00,0.26406309969580416,0.2956956624984741,0.262916993535939,0.2956956624984741,1361548000,0.0,0.0
2011-10-05 00:00:00-04:00,0.2950079007257028,0.30899042974198127,0.2890481669605381,0.3062397539615631,856708000,0.0,0.0
2011-10-06 00:00:00-04:00,0.30784439456618445,0.3193054551962126,0.3073859302807242,0.31838858127593994,773192000,0.0,0.0
2011-10-07 00:00:00-04:00,0.3197638472844103,0.3291619266123459,0.3131164439819429,0.3243482708930969,806976000,0.0,0.0
2011-10-10 00:00:00-04:00,0.3298494664830705,0.33878910541534424,0.3291617977459249,0.33878910541534424,534376000,0.0,0.0
2011-10-11 00:00:00-04:00,0.33603847537517817,0.3415397986822341,0.3339754962133529,0.33512160181999207,816080000,0.0,0.0
2011-10-12 00:00:00-04:00,0.341539821516632,0.34176905358341086,0.3346631874170443,0.3348923921585083,612064000,0.0,0.0
2011-10-13 00:00:00-04:00,0.33328785960260593,0.3550638955591112,0.3323709859587874,0.3543762266635895,854832000,0.0,0.0
2011-10-14 00:00:00-04:00,0.3605652104476911,0.3642327598605014,0.3516255963262769,0.3603360056877136,702452000,0.0,0.0
2011-10-17 00:00:00-04:00,0.3562099010764512,0.3562099010764512,0.34062283491357526,0.3424566090106964,611780000,0.0,0.0
2011-10-18 00:00:00-04:00,0.3406229711483993,0.35575160666913813,0.33855999154235067,0.3548347055912018,590916000,0.0,0.0
2011-10-19 00:00:00-04:00,0.35529318322511105,0.36148217740386784,0.34681200440186183,0.3477288782596588,557568000,0.0,0.0
2011-10-20 00:00:00-04:00,0.338330730602749,0.33970606843976237,0.3172423628368989,0.3303079903125763,990308000,0.0,0.0
2011-10-21 00:00:00-04:00,0.3344339009662459,0.33993522374650653,0.3264111624880125,0.33191245794296265,628428000,0.0,0.0
2011-10-24 00:00:00-04:00,0.3332878452382995,0.3495625566545259,0.33260017637241546,0.34429046511650085,535256000,0.0,0.0
2011-10-25 00:00:00-04:00,0.3394768335407946,0.3422275091919905,0.33053721965035715,0.33122488856315613,577996000,0.0,0.0
2011-10-26 00:00:00-04:00,0.33764304508472354,0.33947679219509574,0.32549429286397247,0.33512160181999207,503116000,0.0,0.0
2011-10-27 00:00:00-04:00,0.3474995762857008,0.3530008725447855,0.33970604137246374,0.34956255555152893,577732000,0.0,0.0
2011-10-28 00:00:00-04:00,0.3465826906083822,0.3607944233327344,0.34566581696663107,0.3575853109359741,490156000,0.0,0.0
2011-10-31 00:00:00-04:00,0.3461242179194268,0.3481872243875556,0.33924758434295654,0.33924758434295654,519984000,0.0,0.0
2011-11-01 00:00:00-04:00,0.3268696275101223,0.3277865010568598,0.3190760930616015,0.3222852051258087,790824000,0.0,0.0
2011-11-02 00:00:00-04:00,0.32549425241781077,0.3270988219279711,0.3101364446622811,0.3167838454246521,961608000,0.0,0.0
2011-11-03 00:00:00-04:00,0.32022219203222363,0.33649692941524734,0.31174101626178324,0.33580926060676575,749372000,0.0,0.0
2011-11-04 00:00:00-04:00,0.3328293412436633,0.34085207930025807,0.3275572507699821,0.3397059738636017,654840000,0.0,0.0
2011-11-07 00:00:00-05:00,0.3371846276475134,0.3429151837991202,0.330078788298104,0.33787229657173157,613536000,0.0,0.0
2011-11-08 00:00:00-05:00,0.34222761341585745,0.34772891174301185,0.33672628776337826,0.34566593170166016,549728000,0.0,0.0
2011-11-09 00:00:00-05:00,0.337643092167336,0.3419982831497489,0.3268696761023791,0.32824501395225525,532244000,0.0,0.0
2011-11-10 00:00:00-05:00,0.33626776084324494,0.3397060782093441,0.32343136507968107,0.33168333768844604,990484000,0.0,0.0
2011-11-11 00:00:00-05:00,0.3410813852977534,0.3461242448477684,0.3225144349413435,0.3433735966682434,1751560000,0.0,0.0
2011-11-14 00:00:00-05:00,0.34337367923229456,0.3468119971147716,0.3358093744257808,0.33672624826431274,500292000,0.0,0.0
2011-11-15 00:00:00-05:00,0.3335170779552064,0.34360279692354306,0.3326001770237938,0.3410813808441162,505660000,0.0,0.0
2011-11-16 00:00:00-05:00,0.3346632273623369,0.3436028418287043,0.3330586573539936,0.334204763174057,512420000,0.0,0.0
2011-11-17 00:00:00-05:00,0.33351705636256457,0.33443392990930215,0.31632544509607596,0.3222852051258087,657504000,0.0,0.0
2011-11-18 00:00:00-05:00,0.3241190757848418,0.3241190757848418,0.3158671021127047,0.319305419921875,501352000,0.0,0.0
2011-11-21 00:00:00-05:00,0.31426250372348336,0.33855995621070484,0.30944884871129097,0.3353508710861206,1330788000,0.0,0.0
2011-11-22 00:00:00-05:00,0.3390184999539134,0.3474997069191532,0.33718472473642036,0.34566593170166016,1287480000,0.0,0.0
2011-11-23 00:00:00-05:00,0.3419982078967568,0.3445196509582746,0.3307663574617269,0.3309955894947052,825340000,0.0,0.0
2011-11-25 00:00:00-05:00,0.3266404434202735,0.33420474693009405,0.3209099145984877,0.3218268156051636,406620000,0.0,0.0
2011-11-28 00:00:00-05:00,0.3323710866496497,0.3449782533606958,0.3323710866496497,0.33993539214134216,690616000,0.0,0.0
2011-11-29 00:00:00-05:00,0.3394767122253088,0.34612413957308397,0.3362676282128012,0.34176895022392273,623440000,0.0,0.0
2011-11-30 00:00:00-05:00,0.35208409236474647,0.35918996029972766,0.34910421138151815,0.35827305912971497,730324000,0.0,0.0
2011-12-01 00:00:00-05:00,0.3552930058018271,0.36354497570248756,0.3536884636892843,0.36262810230255127,529760000,0.0,0.0
2011-12-02 00:00:00-05:00,0.3665249714121786,0.36790030927331174,0.3568976883601978,0.3603360056877136,546464000,0.0,0.0
2011-12-05 00:00:00-05:00,0.36629579145083313,0.36675422832714183,0.3518548249072168,0.3548347055912018,644696000,0.0,0.0
2011-12-06 00:00:00-05:00,0.3568977220306887,0.35758536370081173,0.3461243048611651,0.34979185461997986,573832000,0.0,0.0
2011-12-07 00:00:00-05:00,0.34749967345787064,0.3502503223565836,0.34039380542131686,0.3477288782596588,510016000,0.0,0.0
2011-12-08 00:00:00-05:00,0.3442905530708265,0.35002108287495487,0.3355801423034871,0.33672624826431274,491488000,0.0,0.0
2011-12-09 00:00:00-05:00,0.3342047898792667,0.34429053829693484,0.32962036623268676,0.3415398895740509,555840000,0.0,0.0
2011-12-12 00:00:00-05:00,0.33420464145535095,0.3355799788686508,0.3268695723434711,0.33305853605270386,573208000,0.0,0.0
2011-12-13 00:00:00-05:00,0.3374137631110902,0.3415397481495922,0.32182672370192095,0.32388970255851746,516596000,0.0,0.0
2011-12-14 00:00:00-05:00,0.321139211363531,0.32297298642091443,0.3078443763541542,0.3112826943397522,636020000,0.0,0.0
2011-12-15 00:00:00-05:00,0.31655473782132293,0.3186177173595623,0.30784432815648927,0.3085319697856903,435148000,0.0,0.0
2011-12-16 00:00:00-05:00,0.3110533856814222,0.3170131463202945,0.3083027374347564,0.3096780478954315,619116000,0.0,0.0
2011-12-19 00:00:00-05:00,0.3110534620024279,0.3147210121147404,0.3005092759235211,0.3016553819179535,463276000,0.0,0.0
2011-12-20 00:00:00-05:00,0.30853206989340565,0.31976392692737615,0.30853206989340565,0.3186178207397461,445208000,0.0,0.0
2011-12-21 00:00:00-05:00,0.3167839005323692,0.3202222175231685,0.3083027240867939,0.3144916892051697,548424000,0.0,0.0
2011-12-22 00:00:00-05:00,0.3154086113410757,0.3289326481508589,0.3154086113410757,0.3280157744884491,576560000,0.0,0.0
2011-12-23 00:00:00-05:00,0.3296202574566194,0.3300787215302386,0.32205595547094973,0.3248066306114197,248948000,0.0,0.0
2011-12-27 00:00:00-05:00,0.3234313107218871,0.32732806428349104,0.3213683042537583,0.3222852051258087,195712000,0.0,0.0
2011-12-28 00:00:00-05:00,0.3222851579369027,0.3229728266589241,0.31403318792326446,0.31426241993904114,233960000,0.0,0.0
2011-12-29 00:00:00-05:00,0.31747155099501567,0.3209098677865309,0.31288712860632867,0.3202221989631653,211112000,0.0,0.0
2011-12-30 00:00:00-05:00,0.319076203482898,0.3225145214610167,0.31724242842950356,0.31770089268684387,186956000,0.0,0.0
2012-01-03 00:00:00-05:00,0.3277865491846306,0.3300787880386618,0.3211391466814859,0.3218268156051636,468044000,0.0,0.0
2012-01-04 00:00:00-05:00,0.32205600210239554,0.32686965696988995,0.3190761218189616,0.32549431920051575,347372000,0.0,0.0
2012-01-05 00:00:00-05:00,0.32388980504319315,0.3387892077648139,0.3225144671534073,0.3371846377849579,563548000,0.0,0.0
2012-01-06 00:00:00-05:00,0.336955444338206,0.33718464911065726,0.32939114034094186,0.33328789472579956,533252000,0.0,0.0
2012-01-09 00:00:00-05:00,0.33351712682356943,0.33970609288485154,0.3309956830493752,0.33328789472579956,508244000,0.0,0.0
2012-01-10 00:00:00-05:00,0.3383306541906115,0.33855988622011374,0.3296202469491817,0.33191245794296265,546328000,0.0,0.0
2012-01-11 00:00:00-05:00,0.3289326011880404,0.33191248115339894,0.32388974211414034,0.3252650797367096,484272000,0.0,0.0
2012-01-12 00:00:00-05:00,0.3259528389893958,0.3261820437732127,0.3160962955016302,0.3232021629810333,652364000,0.0,0.0
2012-01-13 00:00:00-05:00,0.32090989393289104,0.32159756281228496,0.3131163861672667,0.31472092866897583,504300000,0.0,0.0
2012-01-17 00:00:00-05:00,0.31953459744014495,0.31953459744014495,0.3094488505280793,0.30990728735923767,627176000,0.0,0.0
2012-01-18 00:00:00-05:00,0.31586704530818144,0.32297291176603204,0.3142625027508553,0.3204514682292938,632676000,0.0,0.0
2012-01-19 00:00:00-05:00,0.3232020850410751,0.3293910772420996,0.3197637681850897,0.32893261313438416,608312000,0.0,0.0
2012-01-20 00:00:00-05:00,0.3284742143859503,0.33237099580085877,0.3248066923767589,0.32595279812812805,546272000,0.0,0.0
2012-01-23 00:00:00-05:00,0.3261819835006343,0.3351216242252872,0.32205599757581876,0.3348923921585083,562792000,0.0,0.0
2012-01-24 00:00:00-05:00,0.3326000971483147,0.3438319464148643,0.33237089246449203,0.3424566090106964,730920000,0.0,0.0
2012-01-25 00:00:00-05:00,0.3332877974006758,0.341310535925399,0.32366048931075947,0.34039366245269775,1274152000,0.0,0.0
2012-01-26 00:00:00-05:00,0.3454366104730374,0.3493333920523247,0.335350890365667,0.3371846377849579,799672000,0.0,0.0
2012-01-27 00:00:00-05:00,0.33512152287614755,0.34360269690232326,0.33237087553324013,0.34176895022392273,449996000,0.0,0.0
2012-01-30 00:00:00-05:00,0.33580926755472135,0.3408521267124037,0.3307663810717262,0.33924758434295654,399076000,0.0,0.0
2012-01-31 00:00:00-05:00,0.3401644080860635,0.34039364010184237,0.33260010679437646,0.3385598659515381,357900000,0.0,0.0
2012-02-01 00:00:00-05:00,0.34245675314111307,0.34612430287892393,0.3376431248512208,0.3422275483608246,428020000,0.0,0.0
2012-02-02 00:00:00-05:00,0.3440612942900256,0.3564392257946948,0.3406229496217094,0.35506391525268555,696236000,0.0,0.0
2012-02-03 00:00:00-05:00,0.3603358914774021,0.3656079818403069,0.35964822276479563,0.36262810230255127,495232000,0.0,0.0
2012-02-06 00:00:00-05:00,0.36079448997818325,0.36125292688374067,0.35666850317752535,0.3598776161670685,278868000,0.0,0.0
2012-02-07 00:00:00-05:00,0.36033598818767354,0.3628574043768733,0.3543762275126271,0.36079442501068115,410296000,0.0,0.0
2012-02-08 00:00:00-05:00,0.36079443378080406,0.3809659004113056,0.3589606591188827,0.37386006116867065,847612000,0.0,0.0
2012-02-09 00:00:00-05:00,0.37844453705416947,0.3805075167588408,0.37294321229951205,0.3736308813095093,561944000,0.0,0.0
2012-02-10 00:00:00-05:00,0.3699634059568673,0.37133874425375507,0.362399099974636,0.36446210741996765,440268000,0.0,0.0
2012-02-13 00:00:00-05:00,0.3736308451630258,0.37500618304996475,0.3626282240434672,0.3701925277709961,610668000,0.0,0.0
2012-02-14 00:00:00-05:00,0.37019261355514244,0.3754647069096787,0.36698350018374803,0.3722555935382843,453756000,0.0,0.0
2012-02-15 00:00:00-05:00,0.37569386443180897,0.38738415488187616,0.36973410315818284,0.370650976896286,1110856000,0.0,0.0
2012-02-16 00:00:00-05:00,0.345207389325829,0.3800490258439637,0.34383205150131235,0.3770691454410553,1888588000,0.0,0.0
2012-02-17 00:00:00-05:00,0.37729844336658597,0.3798198600511503,0.35987762206722695,0.3633159399032593,1020360000,0.0,0.0
2012-02-21 00:00:00-05:00,0.363086669918111,0.3740892913110262,0.36239900095755667,0.36514967679977417,518176000,0.0,0.0
2012-02-22 00:00:00-05:00,0.3633157710151577,0.3722553823031162,0.3621696656025831,0.36262810230255127,492432000,0.0,0.0
2012-02-23 00:00:00-05:00,0.3633159170218801,0.36675423464136964,0.3575853603307448,0.36469122767448425,323968000,0.0,0.0
2012-02-24 00:00:00-05:00,0.3658373471762469,0.36629581140284695,0.3603360497102507,0.3619405925273895,366668000,0.0,0.0
2012-02-27 00:00:00-05:00,0.3573561444749889,0.3589606871826204,0.34956260838384967,0.354605495929718,745268000,0.0,0.0
2012-02-28 00:00:00-05:00,0.3546055547323904,0.3587315418971503,0.3477288912409085,0.35139644145965576,699884000,0.0,0.0
2012-02-29 00:00:00-05:00,0.35254252194484687,0.3585022837871822,0.34704122434063056,0.3472704291343689,689196000,0.0,0.0
2012-03-01 00:00:00-05:00,0.34864568195011963,0.35368854140849976,0.3472703442226912,0.34956255555152893,449944000,0.0,0.0
2012-03-02 00:00:00-05:00,0.3484165032778448,0.3575853499982138,0.3484165032778448,0.3525424897670746,684076000,0.0,0.0
2012-03-05 00:00:00-05:00,0.35002097893460044,0.3507086477719537,0.33810148594662653,0.3406229019165039,514848000,0.0,0.0
2012-03-06 00:00:00-05:00,0.336726148805676,0.33947679683413573,0.3314540574780286,0.33741381764411926,471400000,0.0,0.0
2012-03-07 00:00:00-05:00,0.3392477381880824,0.34085228128517225,0.33466331372478264,0.33947694301605225,441984000,0.0,0.0
2012-03-08 00:00:00-05:00,0.3403936971875951,0.3440612461032702,0.33855992272975755,0.3406229019165039,430852000,0.0,0.0
2012-03-09 00:00:00-05:00,0.34153974802731374,0.3440611909180814,0.33787219969988963,0.3397059738636017,367836000,0.0,0.0
2012-03-12 00:00:00-04:00,0.3410814025412133,0.34337361402758665,0.333517099171118,0.33443397283554077,299948000,0.0,0.0
2012-03-13 00:00:00-04:00,0.3358093487710974,0.3408522091484088,0.33420477868826787,0.33901843428611755,553288000,0.0,0.0
2012-03-14 00:00:00-04:00,0.33901846624695203,0.3397061353008059,0.3282450754876478,0.3293911814689636,735708000,0.0,0.0
2012-03-15 00:00:00-04:00,0.330308008850905,0.33603853795122207,0.3291619030308416,0.334204763174057,382380000,0.0,0.0
2012-03-16 00:00:00-04:00,0.33443386108788903,0.3360384031271458,0.3326000870464639,0.3346630930900574,428340000,0.0,0.0
2012-03-19 00:00:00-04:00,0.33649692197576775,0.3381014642765425,0.3339754788421849,0.3355800211429596,405400000,0.0,0.0
2012-03-20 00:00:00-04:00,0.33374636288667664,0.33374636288667664,0.32709895933194083,0.3300788402557373,449616000,0.0,0.0
2012-03-21 00:00:00-04:00,0.33007878770399585,0.33443397867401053,0.3264112383316447,0.3314540982246399,467840000,0.0,0.0
2012-03-22 00:00:00-04:00,0.3289325831738331,0.33374623726389036,0.3280157096925417,0.3309955894947052,425372000,0.0,0.0
2012-03-23 00:00:00-04:00,0.3300786986187017,0.3344338884132896,0.3277864603856493,0.33351701498031616,315456000,0.0,0.0
2012-03-26 00:00:00-04:00,0.336726148805676,0.33901836005027797,0.33351706399335845,0.33741381764411926,288600000,0.0,0.0
2012-03-27 00:00:00-04:00,0.3387891004444002,0.3438319589006265,0.3381014317173445,0.3397059738636017,419968000,0.0,0.0
2012-03-28 00:00:00-04:00,0.3440613506915373,0.352084092473692,0.3415399066298743,0.34749966859817505,892448000,0.0,0.0
2012-03-29 00:00:00-04:00,0.347041245738081,0.3518548746072329,0.34268602648466984,0.34910422563552856,372700000,0.0,0.0
2012-03-30 00:00:00-04:00,0.35208412456845556,0.3550640058242415,0.3470412633107615,0.3530009984970093,527240000,0.0,0.0
2012-04-02 00:00:00-04:00,0.35208411054133626,0.355063991678403,0.3463535804028706,0.35139644145965576,407776000,0.0,0.0
2012-04-03 00:00:00-04:00,0.35391790651771654,0.3543763434907586,0.3438321564841671,0.34566593170166016,430476000,0.0,0.0
2012-04-04 00:00:00-04:00,0.3403936828962268,0.3447488731410898,0.3337462541813209,0.33580926060676575,495896000,0.0,0.0
2012-04-05 00:00:00-04:00,0.3362677447430544,0.34039373084988844,0.33420473802697925,0.3353508710861206,369424000,0.0,0.0
2012-04-09 00:00:00-04:00,0.33007871601341376,0.33214169500897495,0.3245773931497325,0.3309955894947052,365504000,0.0,0.0
2012-04-10 00:00:00-04:00,0.3296203104449356,0.33420473331560874,0.32297290821258584,0.3245774507522583,470360000,0.0,0.0
2012-04-11 00:00:00-04:00,0.3289326976673156,0.3358093604718442,0.32778659175411423,0.32870349287986755,372960000,0.0,0.0
2012-04-12 00:00:00-04:00,0.3291618512412885,0.3383306963591913,0.32778651354347754,0.3364969491958618,384868000,0.0,0.0
2012-04-13 00:00:00-04:00,0.33351709174526034,0.3353508663585928,0.3243482186785983,0.3245774507522583,311324000,0.0,0.0
2012-04-16 00:00:00-04:00,0.32686970369160684,0.3277865774520345,0.3154086450596655,0.32068073749542236,463468000,0.0,0.0
2012-04-17 00:00:00-04:00,0.32159762839718076,0.32549438307467615,0.32022229035791383,0.32136839628219604,460696000,0.0,0.0
2012-04-18 00:00:00-04:00,0.31930532076574125,0.32090986311335334,0.3140332296304623,0.3179299831390381,400764000,0.0,0.0
2012-04-19 00:00:00-04:00,0.3138039832860072,0.32572350264016475,0.31151177222948634,0.3131163418292999,667188000,0.0,0.0
2012-04-20 00:00:00-04:00,0.31495012250196586,0.3158670234178345,0.3062397140904415,0.3069273829460144,509592000,0.0,0.0
2012-04-23 00:00:00-04:00,0.3016553070195928,0.30463518733030337,0.29592477847027077,0.30325984954833984,706244000,0.0,0.0
2012-04-24 00:00:00-04:00,0.3041768171695397,0.3066982612139236,0.2922572933146212,0.29386183619499207,730440000,0.0,0.0
2012-04-25 00:00:00-04:00,0.29821707224724986,0.3021138272718748,0.2927157469254354,0.2998216152191162,727112000,0.0,0.0
2012-04-26 00:00:00-04:00,0.2995922986990845,0.30257217872161773,0.29752929222564783,0.3000507354736328,539208000,0.0,0.0
2012-04-27 00:00:00-04:00,0.29959234659358464,0.30142612131024815,0.2943202545301711,0.29752933979034424,475356000,0.0,0.0
2012-04-30 00:00:00-04:00,0.2959247205647141,0.2995922690487528,0.293861714295451,0.297987699508667,262268000,0.0,0.0
2012-05-01 00:00:00-04:00,0.2963832152891534,0.30646896193114953,0.2963832152891534,0.30325984954833984,408680000,0.0,0.0
2012-05-02 00:00:00-04:00,0.30211379952624035,0.30325990544736314,0.29294495215725797,0.29454949498176575,684008000,0.0,0.0
2012-05-03 00:00:00-04:00,0.2952371130220447,0.2970708876442745,0.28767280978366927,0.28950658440589905,419536000,0.0,0.0
2012-05-04 00:00:00-04:00,0.28767277897177085,0.28927732134737,0.28102535009384155,0.28102535009384155,545092000,0.0,0.0
2012-05-07 00:00:00-04:00,0.28606828309570514,0.29088193833026066,0.28354683943468706,0.2858390510082245,604440000,0.0,0.0
2012-05-08 00:00:00-04:00,0.28331763205034255,0.28744361870752794,0.2782747716139248,0.2856098711490631,462312000,0.0,0.0
2012-05-09 00:00:00-04:00,0.28056689789166034,0.289048100729067,0.2778162500668337,0.28675588965415955,520608000,0.0,0.0
2012-05-10 00:00:00-04:00,0.28950656798855434,0.2899650047867858,0.28010849066089555,0.2846929132938385,597092000,0.0,0.0
2012-05-11 00:00:00-04:00,0.30830266331445705,0.31357475379284916,0.30165523538072464,0.30280134081840515,1435140000,0.0,0.0
2012-05-14 00:00:00-04:00,0.3002800243117508,0.30555211700914053,0.2940910578084327,0.3009676933288574,437472000,0.0,0.0
2012-05-15 00:00:00-04:00,0.3009675792362847,0.3076150074479411,0.29661238932113515,0.297987699508667,599940000,0.0,0.0
2012-05-16 00:00:00-04:00,0.29844623746758747,0.3018845547758152,0.29111113868311483,0.2920280396938324,470484000,0.0,0.0
2012-05-17 00:00:00-04:00,0.2931741460875588,0.29592479447493514,0.28996503353118896,0.28996503353118896,335364000,0.0,0.0
2012-05-18 00:00:00-04:00,0.29065281866888343,0.29202815707512125,0.27552420550157913,0.276899516582489,567288000,0.0,0.0
2012-05-21 00:00:00-04:00,0.27735796539207885,0.2830884962213932,0.275524190061633,0.2817131578922272,416260000,0.0,0.0
2012-05-22 00:00:00-04:00,0.2814838874632199,0.28194232435767536,0.27414878785065233,0.2782747745513916,410140000,0.0,0.0
2012-05-23 00:00:00-04:00,0.2752947615506077,0.2856097370117785,0.2711687768312008,0.28515127301216125,496000000,0.0,0.0
2012-05-24 00:00:00-04:00,0.28675599061782003,0.2872144275291499,0.2755241360009731,0.2775871157646179,520420000,0.0,0.0
2012-05-25 00:00:00-04:00,0.2773579177612666,0.2865267655135988,0.2773579177612666,0.28423455357551575,391752000,0.0,0.0
2012-05-29 00:00:00-04:00,0.2888188830027732,0.2934033053797517,0.28767277740852853,0.2915695309638977,310000000,0.0,0.0
2012-05-30 00:00:00-04:00,0.2883604690971815,0.2904234484002914,0.2830883774805157,0.2881312370300293,379792000,0.0,0.0
2012-05-31 00:00:00-04:00,0.28813126789193494,0.28927737369982603,0.2812546330445884,0.28492218255996704,358192000,0.0,0.0
2012-06-01 00:00:00-04:00,0.27896233912465507,0.28171298678698786,0.2741486852215903,0.2746071219444275,440984000,0.0,0.0
2012-06-04 00:00:00-04:00,0.27598259985363016,0.27758714286258007,0.26658451928998617,0.26887673139572144,432856000,0.0,0.0
2012-06-05 00:00:00-04:00,0.26750142842504565,0.27735794623577054,0.26750142842504565,0.27667027711868286,365224000,0.0,0.0
2012-06-06 00:00:00-04:00,0.2787331920762157,0.2846929532659432,0.27667021253186597,0.2840052843093872,368968000,0.0,0.0
2012-06-07 00:00:00-04:00,0.2881312170906107,0.28973578679900575,0.27231494333514006,0.27254417538642883,526780000,0.0,0.0
2012-06-08 00:00:00-04:00,0.2734611068072127,0.27873319917464734,0.27300266993293987,0.2778163254261017,370308000,0.0,0.0
2012-06-11 00:00:00-04:00,0.28675590542151785,0.29179876459853504,0.2803377085938083,0.28102535009384155,839080000,0.0,0.0
2012-06-12 00:00:00-04:00,0.2842344465416368,0.2895065374789862,0.2837760097917176,0.28675588965415955,496128000,0.0,0.0
2012-06-13 00:00:00-04:00,0.28652665325806903,0.28721432203514313,0.27781624584085607,0.2791915833950043,494276000,0.0,0.0
2012-06-14 00:00:00-04:00,0.278733230066794,0.28102544201752405,0.273002700189969,0.27575334906578064,589884000,0.0,0.0
2012-06-15 00:00:00-04:00,0.2778164023933587,0.2819423900555303,0.2752949578983298,0.2817131578922272,385288000,0.0,0.0
2012-06-18 00:00:00-04:00,0.27965012969934966,0.2865267655135988,0.2773579177612666,0.28423455357551575,304424000,0.0,0.0
2012-06-19 00:00:00-04:00,0.29592487285628977,0.30784439790089596,0.2945495346356585,0.30348917841911316,960476000,0.0,0.0
2012-06-20 00:00:00-04:00,0.30646886688279806,0.3140331676869716,0.3046350928506792,0.308302640914917,972720000,0.0,0.0
2012-06-21 00:00:00-04:00,0.30807349375616533,0.30807349375616533,0.2936325568485479,0.2943202257156372,516376000,0.0,0.0
2012-06-22 00:00:00-04:00,0.297987699508667,0.30142604329077216,0.293861714295451,0.297987699508667,865360000,0.0,0.0
2012-06-25 00:00:00-04:00,0.2982170269780654,0.2991339007298587,0.28744361010524055,0.2885897159576416,494616000,0.0,0.0
2012-06-26 00:00:00-04:00,0.2901943169353876,0.29386183965870366,0.2860683299620004,0.291798859834671,437152000,0.0,0.0
2012-06-27 00:00:00-04:00,0.29202791183777044,0.30325973253032296,0.29202791183777044,0.30119675397872925,506064000,0.0,0.0
2012-06-28 00:00:00-04:00,0.298446317152339,0.30532295360484674,0.29592487285628977,0.30348917841911316,545896000,0.0,0.0
2012-06-29 00:00:00-04:00,0.31059488138290847,0.317471514168248,0.31036564935993993,0.3167838454246521,616508000,0.0,0.0
2012-07-02 00:00:00-04:00,0.31838838442891737,0.3186175891046153,0.30578119820509014,0.308302640914917,581684000,0.0,0.0
2012-07-03 00:00:00-04:00,0.3083028035967456,0.3170132143515437,0.3080735714747819,0.3163255453109741,219284000,0.0,0.0
2012-07-05 00:00:00-04:00,0.31426244735756037,0.31563775759628615,0.3083026876804816,0.3131163418292999,280076000,0.0,0.0
2012-07-06 00:00:00-04:00,0.3108241140275833,0.3117410148765887,0.3037182759056803,0.30715659260749817,382760000,0.0,0.0
2012-07-09 00:00:00-04:00,0.3053228212416529,0.3066981588660494,0.3005091668815776,0.3030306100845337,306336000,0.0,0.0
2012-07-10 00:00:00-04:00,0.2998215981224513,0.30876124101364016,0.2915696242729418,0.29386183619499207,512028000,0.0,0.0
2012-07-11 00:00:00-04:00,0.2947787548323863,0.29844630505519393,0.28767288652269263,0.2890482246875763,485216000,0.0,0.0
2012-07-12 00:00:00-04:00,0.28583909646710953,0.2862975333896618,0.2817131095134957,0.28423455357551575,472160000,0.0,0.0
2012-07-13 00:00:00-04:00,0.2844636514790995,0.28927727788263596,0.28262987732881045,0.28790196776390076,324260000,0.0,0.0
2012-07-16 00:00:00-04:00,0.28606833628911515,0.29111119722353634,0.28331766002913766,0.28881898522377014,334460000,0.0,0.0
2012-07-17 00:00:00-04:00,0.2897357672944855,0.2913403095695525,0.2787331214289404,0.2835467755794525,447476000,0.0,0.0
2012-07-18 00:00:00-04:00,0.2828591054879221,0.3034890322336904,0.2814837952550783,0.29936304688453674,616008000,0.0,0.0
2012-07-19 00:00:00-04:00,0.30142622629435967,0.3062398558611644,0.2993632187725918,0.30234310030937195,403036000,0.0,0.0
2012-07-20 00:00:00-04:00,0.3005092621857371,0.30257226927659836,0.2904235135006089,0.2936326265335083,451000000,0.0,0.0
2012-07-23 00:00:00-04:00,0.285839049881267,0.29959234659358464,0.28262996462109385,0.29752933979034424,451584000,0.0,0.0
2012-07-24 00:00:00-04:00,0.2979877474645893,0.29982152200172263,0.2908819087055052,0.2943202257156372,351164000,0.0,0.0
2012-07-25 00:00:00-04:00,0.2934033066040874,0.30303061549616606,0.2920279962804425,0.3000507354736328,415044000,0.0,0.0
2012-07-26 00:00:00-04:00,0.3055520714891537,0.3089904160624551,0.2991338738278519,0.30142611265182495,338440000,0.0,0.0
2012-07-27 00:00:00-04:00,0.30257222119051025,0.30990729258876876,0.3002799823454054,0.3089904189109802,376516000,0.0,0.0
2012-07-30 00:00:00-04:00,0.3089903496015686,0.31288710284606697,0.3030305900568224,0.30555200576782227,363552000,0.0,0.0
2012-07-31 00:00:00-04:00,0.30555208125339667,0.3147209548663407,0.30509364440407877,0.3103657364845276,387788000,0.0,0.0
2012-08-01 00:00:00-04:00,0.3121994744049882,0.31517935456226154,0.3055520452348685,0.3069273829460144,335912000,0.0,0.0
2012-08-02 00:00:00-04:00,0.305322872277142,0.3126579437409367,0.30027998502829845,0.3080735206604004,367912000,0.0,0.0
2012-08-03 00:00:00-04:00,0.3128871467411929,0.31770080145843765,0.3055520486339029,0.3144916892051697,326548000,0.0,0.0
2012-08-06 00:00:00-04:00,0.3174715778645856,0.32274366952284766,0.31701314105197914,0.3211391270160675,360324000,0.0,0.0
2012-08-07 00:00:00-04:00,0.32503593989946394,0.32778658859961185,0.3225144959845583,0.3243482708930969,407340000,0.0,0.0
2012-08-08 00:00:00-04:00,0.32411899872240896,0.3296202949789665,0.32320209779610637,0.32618197798728943,517064000,0.0,0.0
2012-08-09 00:00:00-04:00,0.3266404534974471,0.3378723067298508,0.32618201664262436,0.3371846377849579,822300000,0.0,0.0
2012-08-10 00:00:00-04:00,0.3461242211087909,0.3488748690996623,0.3307663841195753,0.33512160181999207,1278744000,0.0,0.0
2012-08-13 00:00:00-04:00,0.3355801876873125,0.3397061751693473,0.3342048494181925,0.33947694301605225,447244000,0.0,0.0
2012-08-14 00:00:00-04:00,0.34062293838368557,0.3410814025412133,0.33305863501359023,0.33443397283554077,388828000,0.0,0.0
2012-08-15 00:00:00-04:00,0.3355800064631364,0.3383306541906115,0.33030791571237805,0.33191245794296265,594404000,0.0,0.0
2012-08-16 00:00:00-04:00,0.3348923250132891,0.33993521086881706,0.3337462195598162,0.33878910541534424,371008000,0.0,0.0
2012-08-17 00:00:00-04:00,0.3387891405599779,0.3387891405599779,0.33282938065355366,0.33580926060676575,309864000,0.0,0.0
2012-08-20 00:00:00-04:00,0.33466315503440053,0.33626769737064943,0.33076637422810884,0.33580926060676575,314392000,0.0,0.0
2012-08-21 00:00:00-04:00,0.33695539878357356,0.33901837808332386,0.3314540751087145,0.3348923921585083,340248000,0.0,0.0
2012-08-22 00:00:00-04:00,0.33282937329515844,0.336955358729516,0.331683267748132,0.3355800211429596,313556000,0.0,0.0
2012-08-23 00:00:00-04:00,0.33489240893247096,0.33512164101073155,0.3266404366695182,0.3280157744884491,379040000,0.0,0.0
2012-08-24 00:00:00-04:00,0.32801566560555473,0.3362676351293141,0.3273279969243569,0.3346630930900574,347724000,0.0,0.0
2012-08-27 00:00:00-04:00,0.3344339364991488,0.3353508373892663,0.32870340840583984,0.32893261313438416,340944000,0.0,0.0
2012-08-28 00:00:00-04:00,0.32641124936355087,0.3307664404807605,0.3257235804173289,0.32755735516548157,310764000,0.0,0.0
2012-08-29 00:00:00-04:00,0.32732811294389885,0.33030799340175254,0.3266404440189608,0.32824501395225525,250412000,0.0,0.0
2012-08-30 00:00:00-04:00,0.3275574403487247,0.3287035464487071,0.3204515715987042,0.3220561146736145,307488000,0.0,0.0
2012-08-31 00:00:00-04:00,0.3243482244476226,0.3266404359237296,0.31838849100493405,0.3215975761413574,485064000,0.0,0.0
2012-09-04 00:00:00-04:00,0.3163254787894765,0.3174715845076323,0.30142610445345097,0.30440595746040344,694452000,0.0,0.0
2012-09-05 00:00:00-04:00,0.30555206045738376,0.3099072785427787,0.3021137433335372,0.3053228557109833,480256000,0.0,0.0
2012-09-06 00:00:00-04:00,0.3076150624574304,0.3229729005710728,0.30738583038919404,0.31472092866897583,657296000,0.0,0.0
2012-09-07 00:00:00-04:00,0.3066981558456516,0.30921957169846404,0.29684161517673235,0.30715659260749817,781064000,0.0,0.0
2012-09-10 00:00:00-04:00,0.30646896414827335,0.3108241549471391,0.30371831588976256,0.30440595746040344,371108000,0.0,0.0
2012-09-11 00:00:00-04:00,0.3041767665070079,0.3128871758250903,0.30303066073687385,0.3080735206604004,382808000,0.0,0.0
2012-09-12 00:00:00-04:00,0.31059505983551305,0.3131165042356257,0.30761517845137776,0.31151193380355835,322608000,0.0,0.0
2012-09-13 00:00:00-04:00,0.3142624896314344,0.31540859531386634,0.30761506027814006,0.31357482075691223,433836000,0.0,0.0
2012-09-14 00:00:00-04:00,0.3133456001567843,0.3227436780267631,0.3133456001567843,0.3172423541545868,339468000,0.0,0.0
2012-09-17 00:00:00-04:00,0.3179300484050432,0.3179300484050432,0.3050936523384127,0.3085319697856903,493348000,0.0,0.0
2012-09-18 00:00:00-04:00,0.30509362237545606,0.31426249532638156,0.30486441763000505,0.31059494614601135,359952000,0.0,0.0
2012-09-19 00:00:00-04:00,0.31128254036048797,0.3186176096363282,0.3076149920599134,0.31426241993904114,451936000,0.0,0.0
2012-09-20 00:00:00-04:00,0.3135748336009386,0.3151793761570024,0.3094488475101201,0.3119702637195587,320596000,0.0,0.0
2012-09-21 00:00:00-04:00,0.31242864826869426,0.31517929585330434,0.311282542831331,0.3133455216884613,340136000,0.0,0.0
2012-09-24 00:00:00-04:00,0.3083026876804816,0.31357477857554183,0.30784425093423967,0.3131163418292999,357832000,0.0,0.0
2012-09-25 00:00:00-04:00,0.31724231577109624,0.31861765340406567,0.30692736549976296,0.30738580226898193,481544000,0.0,0.0
2012-09-26 00:00:00-04:00,0.30623972762677565,0.3064689596972038,0.29844621978663316,0.30211374163627625,436812000,0.0,0.0
2012-09-27 00:00:00-04:00,0.3028014149200485,0.3048644216079184,0.3002799714099794,0.30440595746040344,558888000,0.0,0.0
2012-09-28 00:00:00-04:00,0.3030306860257865,0.3101365533237527,0.2991339042218777,0.3057813346385956,485508000,0.0,0.0
2012-10-01 00:00:00-04:00,0.3071567126191919,0.30899048770837967,0.299592407454619,0.30073851346969604,504236000,0.0,0.0
2012-10-02 00:00:00-04:00,0.30280137569810556,0.30280137569810556,0.29844618546336876,0.3018845021724701,295492000,0.0,0.0
2012-10-03 00:00:00-04:00,0.3025721462122047,0.3034890196627892,0.297300055558069,0.2989045977592468,430872000,0.0,0.0
2012-10-04 00:00:00-04:00,0.299592397059596,0.31403333781357057,0.29798782683390407,0.31219956278800964,502608000,0.0,0.0
2012-10-05 00:00:00-04:00,0.31311634767092267,0.31632543227979737,0.30371827123372835,0.30486437678337097,483068000,0.0,0.0
2012-10-08 00:00:00-04:00,0.30371827654905326,0.3050935868375065,0.29959229103306917,0.3018845021724701,240596000,0.0,0.0
2012-10-09 00:00:00-04:00,0.30142606368382274,0.30234293720420863,0.2945494029796805,0.2954663038253784,366360000,0.0,0.0
2012-10-10 00:00:00-04:00,0.294091032211621,0.2954663701261288,0.2892773768361617,0.2904234826564789,326568000,0.0,0.0
2012-10-11 00:00:00-04:00,0.2931741454632416,0.2940910191486422,0.2897358281550139,0.2920280396938324,320516000,0.0,0.0
2012-10-12 00:00:00-04:00,0.2899650212301275,0.29225723267658577,0.28767280978366927,0.28950658440589905,260696000,0.0,0.0
2012-10-15 00:00:00-04:00,0.28996503503290627,0.2934033523662628,0.28652671769954974,0.293174147605896,249580000,0.0,0.0
2012-10-16 00:00:00-04:00,0.2956956198167762,0.3025722831086928,0.29294497089520294,0.3016553819179535,367696000,0.0,0.0
2012-10-17 00:00:00-04:00,0.2979877093263818,0.3007383844426917,0.2950078295005869,0.29936304688453674,391752000,0.0,0.0
2012-10-18 00:00:00-04:00,0.2986753986206191,0.2986753986206191,0.2936325394365233,0.29477864503860474,254772000,0.0,0.0
2012-10-19 00:00:00-04:00,0.29042351323377985,0.29248652032274575,0.27598257291230294,0.2775871157646179,709412000,0.0,0.0
2012-10-22 00:00:00-04:00,0.27873319288520887,0.2803377628969359,0.2720857900449502,0.2743780016899109,480840000,0.0,0.0
2012-10-23 00:00:00-04:00,0.2718565504418249,0.28446374146622433,0.271168881502266,0.28262996673583984,573948000,0.0,0.0
2012-10-24 00:00:00-04:00,0.28446366667596173,0.2856097721654571,0.27621169622147146,0.2789623439311981,332916000,0.0,0.0
2012-10-25 00:00:00-04:00,0.28125456240091556,0.28423444221802935,0.27804547787498446,0.2791915833950043,307356000,0.0,0.0
2012-10-26 00:00:00-04:00,0.2796501762754969,0.2812547194343297,0.27621185779571533,0.27621185779571533,389376000,0.0,0.0
2012-10-31 00:00:00-04:00,0.2773577969320701,0.27965000787156574,0.27391948052282666,0.2746071219444275,347112000,0.0,0.0
2012-11-01 00:00:00-04:00,0.27598249948677983,0.2879020199620773,0.2757532674294419,0.2876727879047394,473220000,0.0,0.0
2012-11-02 00:00:00-04:00,0.2906528094722106,0.29111124648467496,0.28446384149062415,0.28629758954048157,256700000,0.0,0.0
2012-11-05 00:00:00-05:00,0.28560989950975874,0.2995924036460761,0.28560989950975874,0.29844629764556885,444840000,0.0,0.0
2012-11-06 00:00:00-05:00,0.2991338124536916,0.2991338124536916,0.29317408017515,0.29821693897247314,350804000,0.0,0.0
2012-11-07 00:00:00-05:00,0.2959248608613483,0.2977586359727521,0.28767288652269263,0.2890482246875763,324620000,0.0,0.0
2012-11-08 00:00:00-05:00,0.29225720491065815,0.29982150743038616,0.28996499368197165,0.29065266251564026,839024000,0.0,0.0
2012-11-09 00:00:00-05:00,0.2922572172097765,0.2956955341975016,0.27850394925887617,0.2794208228588104,846280000,0.0,0.0
2012-11-12 00:00:00-05:00,0.2798792355125149,0.281025341076211,0.2704811589600823,0.2732318341732025,643624000,0.0,0.0
2012-11-13 00:00:00-05:00,0.2718565266923654,0.27804551928240573,0.27093965306993023,0.27116885781288147,492120000,0.0,0.0
2012-11-14 00:00:00-05:00,0.2727734522544408,0.2755241006952724,0.26429224751767677,0.2645214796066284,619300000,0.0,0.0
2012-11-15 00:00:00-05:00,0.2661260542286818,0.27300268981965503,0.263833842365024,0.2656676173210144,466688000,0.0,0.0
2012-11-16 00:00:00-05:00,0.2656675714187335,0.26658444507565,0.2555818245660712,0.26085391640663147,624552000,0.0,0.0
2012-11-19 00:00:00-05:00,0.2656676555909022,0.2691059738816846,0.26245854212431047,0.26818907260894775,404092000,0.0,0.0
2012-11-20 00:00:00-05:00,0.26715087003949334,0.2683043701130023,0.2623061587301113,0.26507458090782166,336976000,0.001875,0.0
2012-11-21 00:00:00-05:00,0.2650746258958063,0.2733798113336451,0.26484391484130426,0.27268773317337036,422312000,0.0,0.0
2012-11-23 00:00:00-05:00,0.2738411365701731,0.2777630305980115,0.27245692573606267,0.2745332419872284,276932000,0.0,0.0
2012-11-26 00:00:00-05:00,0.27499467798486715,0.28007007264085376,0.2745332834709793,0.2793779671192169,364600000,0.0,0.0
2012-11-27 00:00:00-05:00,0.27822446594562,0.28468407161845743,0.2759174658840074,0.28053146600723267,451404000,0.0,0.0
2012-11-28 00:00:00-05:00,0.27937793428111507,0.2842226448615153,0.27591743458128837,0.2828384339809418,398332000,0.0,0.0
2012-11-29 00:00:00-05:00,0.28329979408069245,0.2846839771574079,0.2768401905512174,0.2777629792690277,488688000,0.0,0.0
2012-11-30 00:00:00-05:00,0.27753232378369563,0.2796086400659731,0.27453324610086116,0.27614814043045044,460504000,0.0,0.0
2012-12-03 00:00:00-05:00,0.27960854429234555,0.27960854429234555,0.2703805484251279,0.2710726261138916,391380000,0.0,0.0
2012-12-04 00:00:00-05:00,0.27153407508199984,0.2796085722738616,0.2699191536423477,0.2791471779346466,528068000,0.0,0.0
2012-12-05 00:00:00-05:00,0.2768402271920744,0.27868580487196426,0.27199551702835206,0.2759174108505249,633024000,0.0,0.0
2012-12-06 00:00:00-05:00,0.27522531058356525,0.2782244156215178,0.2743025217264745,0.2763788104057312,412896000,0.0,0.0
2012-12-07 00:00:00-05:00,0.2766095162312859,0.27799372699280783,0.27268762240911304,0.2759174108505249,338288000,0.0,0.0
2012-12-10 00:00:00-05:00,0.27591746146077895,0.28722177808242766,0.2752253559530683,0.28514546155929565,513644000,0.0,0.0
2012-12-11 00:00:00-05:00,0.28606831392988036,0.2955270262171899,0.28537620833541155,0.29183581471443176,816724000,0.0,0.0
2012-12-12 00:00:00-05:00,0.2927586402598581,0.29437353502840785,0.28768321741353897,0.2888367176055908,399404000,0.0,0.0
2012-12-13 00:00:00-05:00,0.2883751928707328,0.2946040855960744,0.2862989044628194,0.2890672981739044,377556000,0.0,0.0
2012-12-14 00:00:00-05:00,0.290220872951147,0.29345066186631147,0.2881445565043053,0.2904515564441681,338660000,0.0,0.0
2012-12-17 00:00:00-05:00,0.2897594496972812,0.2913743439945429,0.2849147393038903,0.28929802775382996,445232000,0.0,0.0
2012-12-18 00:00:00-05:00,0.2892979756463725,0.29298918551949776,0.28837518692889164,0.28975939750671387,416436000,0.0,0.0
2012-12-19 00:00:00-05:00,0.29183581471443176,0.2952963151851626,0.29068231455752147,0.29183581471443176,458544000,0.0,0.0
2012-12-20 00:00:00-05:00,0.2929892386594568,0.2932199496314719,0.2883752392320017,0.29160505533218384,334332000,0.0,0.0
2012-12-21 00:00:00-05:00,0.2876831260608789,0.2876831260608789,0.28168491596627226,0.2849147319793701,462172000,0.0,0.0
2012-12-24 00:00:00-05:00,0.28468399288157115,0.28560680915195297,0.2816848881306344,0.28260770440101624,127376000,0.0,0.0
2012-12-26 00:00:00-05:00,0.28191558046715315,0.2865295790097303,0.28122347518544644,0.2823769748210907,196740000,0.0,0.0
2012-12-27 00:00:00-05:00,0.28283846606884533,0.2832998880824559,0.277301676921619,0.28053146600723267,299804000,0.0,0.0
2012-12-28 00:00:00-05:00,0.2779936783358092,0.28353046540958876,0.27753225649499447,0.2791471779346466,220600000,0.0,0.0
2012-12-31 00:00:00-05:00,0.27822443438117284,0.283991933880884,0.2775323289408861,0.2828384339809418,326460000,0.0,0.0
2013-01-02 00:00:00-05:00,0.289759470254763,0.29368136454110283,0.2886059703175096,0.29345065355300903,478836000,0.0,0.0
2013-01-03 00:00:00-05:00,0.2934507019091456,0.29691120229114254,0.29022091255326,0.29368141293525696,298888000,0.0,0.0
2013-01-04 00:00:00-05:00,0.2941427182686507,0.3042935328112718,0.29321992944732334,0.30337074398994446,524968000,0.0,0.0
2013-01-07 00:00:00-05:00,0.30314016594504806,0.30406295517097065,0.2925279523388581,0.29460424184799194,610732000,0.0,0.0
2013-01-08 00:00:00-05:00,0.2952963306200851,0.29621914729481613,0.286068328882462,0.28814461827278137,466424000,0.0,0.0
2013-01-09 00:00:00-05:00,0.2904515398643016,0.2918357507498477,0.27983935724767395,0.281684935092926,695020000,0.0,0.0
2013-01-10 00:00:00-05:00,0.2842227133748529,0.28560692458909753,0.2805315018046095,0.2821464240550995,506368000,0.0,0.0
2013-01-11 00:00:00-05:00,0.28329985695993215,0.28353054043978515,0.27891654082344086,0.281684935092926,513172000,0.0,0.0
2013-01-14 00:00:00-05:00,0.2835306140883291,0.2835306140883291,0.2782245076509231,0.28145432472229004,305684000,0.0,0.0
2013-01-15 00:00:00-05:00,0.2800700208373043,0.2800700208373043,0.2747639161550199,0.2763788104057312,375888000,0.0,0.0
2013-01-16 00:00:00-05:00,0.27591740306179807,0.2812235074957097,0.27591740306179807,0.27891650795936584,337376000,0.0,0.0
2013-01-17 00:00:00-05:00,0.2798393105930756,0.2837612041127917,0.2791472052656898,0.28260770440101624,580736000,0.0,0.0
2013-01-18 00:00:00-05:00,0.28260774126240257,0.28260774126240257,0.2773016363958235,0.2807621359825134,397088000,0.0,0.0
2013-01-22 00:00:00-05:00,0.2805314671547416,0.28306917823354,0.2779937835775534,0.2793779671192169,308224000,0.0,0.0
2013-01-23 00:00:00-05:00,0.28030079100273886,0.28053147451493005,0.2768402908053731,0.2798393964767456,421808000,0.0,0.0
2013-01-24 00:00:00-05:00,0.2789165062134941,0.2823770054963489,0.2775322954997107,0.28122350573539734,396980000,0.0,0.0
2013-01-25 00:00:00-05:00,0.28168499200183134,0.28652970357841423,0.2803008083382452,0.2862990200519562,393920000,0.0,0.0
2013-01-28 00:00:00-05:00,0.287683228246012,0.292758651283442,0.2869911226043975,0.29091304540634155,422492000,0.0,0.0
2013-01-29 00:00:00-05:00,0.28975954463680975,0.2904516227755338,0.2835306213753742,0.28468412160873413,388872000,0.0,0.0
2013-01-30 00:00:00-05:00,0.28491476793199644,0.28883666233416094,0.28329987347247093,0.28422266244888306,287592000,0.0,0.0
2013-01-31 00:00:00-05:00,0.2842226448615153,0.2874524610823177,0.2809928561423198,0.2828384339809418,470544000,0.0,0.0
2013-02-01 00:00:00-05:00,0.28514539078640955,0.2862989180140291,0.28283839133437605,0.28537610173225403,288816000,0.0,0.0
2013-02-04 00:00:00-05:00,0.28376128259445643,0.28952878274848803,0.28030078250203744,0.28053146600723267,511744000,0.0,0.0
2013-02-05 00:00:00-05:00,0.28191554825425297,0.2886058618774859,0.28099275965181963,0.2869909405708313,367296000,0.0,0.0
2013-02-06 00:00:00-05:00,0.2800701206752944,0.286991122075454,0.27845522584891347,0.28468412160873413,530688000,0.0,0.0
2013-02-07 00:00:00-05:00,0.2837613635957038,0.2860683643158626,0.28076225715917386,0.28353065252304077,440000000,0.0,0.0
2013-02-08 00:00:00-05:00,0.28537610173225403,0.2876831011842875,0.28353049667030666,0.28537610173225403,307232000,0.0,0.0
2013-02-11 00:00:00-05:00,0.28768314181124655,0.29160506343484427,0.2849147475781709,0.2886059582233429,408308000,0.0,0.0
2013-02-12 00:00:00-05:00,0.2860682545517068,0.28999014877082546,0.28560686008503533,0.2867603600025177,277804000,0.0,0.0
2013-02-13 00:00:00-05:00,0.2869909958483569,0.2922971000883546,0.28445331295208176,0.28537610173225403,856396000,0.0,0.0
2013-02-14 00:00:00-05:00,0.2814543060852118,0.2939121239613684,0.2779938057032148,0.29368141293525696,882096000,0.0,0.0
2013-02-15 00:00:00-05:00,0.2929893073585351,0.2950656240887007,0.2872218067218735,0.29368141293525696,733860000,0.0,0.0
2013-02-19 00:00:00-05:00,0.29391200173857956,0.2941426851671493,0.2879137925701512,0.28975939750671387,433552000,0.0,0.0
2013-02-20 00:00:00-05:00,0.2906822552693972,0.2952962549559579,0.2846840446762253,0.28560686111450195,713012000,0.0,0.0
2013-02-21 00:00:00-05:00,0.2851455475268283,0.2883753650360213,0.2828385468066696,0.28353065252304077,580408000,0.0,0.0
2013-02-22 00:00:00-05:00,0.2853762170294354,0.28906742864464674,0.28376132226088563,0.2888367176055908,370148000,0.0,0.0
2013-02-25 00:00:00-05:00,0.28952873223922637,0.29183573189837514,0.28329983865984565,0.28376123309135437,644444000,0.0,0.0
2013-02-26 00:00:00-05:00,0.28434169776439844,0.2887518801657779,0.283413219379136,0.2871270775794983,487504000,0.001875,0.0
2013-02-27 00:00:00-05:00,0.28712693917784027,0.2945546519982398,0.2864305876421365,0.29246559739112854,476980000,0.0,0.0
2013-02-28 00:00:00-05:00,0.29153716603161783,0.2982685000825492,0.2903765892869516,0.2938583195209503,591392000,0.0,0.0
2013-03-01 00:00:00-05:00,0.2917691323378964,0.2959472122562386,0.28921588126080705,0.2950187623500824,389396000,0.0,0.0
2013-03-04 00:00:00-05:00,0.292929841523018,0.29664369817408287,0.2906086880336855,0.2938583195209503,353680000,0.0,0.0
2013-03-05 00:00:00-05:00,0.29548319225848596,0.2975722198315046,0.2940904887629143,0.297107994556427,366168000,0.0,0.0
2013-03-06 00:00:00-05:00,0.29896483159474024,0.30175021006089814,0.29548310159446034,0.29687580466270447,342928000,0.0,0.0
2013-03-07 00:00:00-05:00,0.2985005968566209,0.30151810162716236,0.29455464185068037,0.2961794435977936,314824000,0.0,0.0
2013-03-08 00:00:00-05:00,0.2968757823116035,0.29896480908636125,0.29548307934821283,0.2975721061229706,246464000,0.0,0.0
2013-03-11 00:00:00-04:00,0.2945545929804724,0.29594726810250926,0.2922334124364278,0.2947866916656494,299748000,0.0,0.0
2013-03-12 00:00:00-04:00,0.2943224801632147,0.29664363314370285,0.2915371021206943,0.29571518301963806,310856000,0.0,0.0
2013-03-13 00:00:00-04:00,0.29571518301963806,0.30082171404264657,0.29292977730679143,0.29571518301963806,485840000,0.0,0.0
2013-03-14 00:00:00-04:00,0.2975721150344445,0.29850059292795306,0.29409038519202774,0.2959473133087158,383304000,0.0,0.0
2013-03-15 00:00:00-04:00,0.295947310870669,0.295947310870669,0.29223345466788797,0.2933940589427948,355776000,0.0,0.0
2013-03-18 00:00:00-04:00,0.2915371021142362,0.2940903537905209,0.2892159491337996,0.29130497574806213,298312000,0.0,0.0
2013-03-19 00:00:00-04:00,0.2915370769466537,0.29292975201249427,0.28735899640848456,0.2894480228424072,355480000,0.0,0.0
2013-03-20 00:00:00-04:00,0.292233446886369,0.2938582762257757,0.2896801950264822,0.2929297983646393,340588000,0.0,0.0
2013-03-21 00:00:00-04:00,0.291304965102344,0.29176919014740105,0.28782323575892854,0.2882874608039856,339032000,0.0,0.0
2013-03-22 00:00:00-04:00,0.2892160471214709,0.29084084922420145,0.288055470238044,0.28968027234077454,232476000,0.0,0.0
2013-03-25 00:00:00-04:00,0.29130502355971055,0.2915371499639834,0.2859663652944115,0.288055419921875,362076000,0.0,0.0
2013-03-26 00:00:00-04:00,0.28875174044314916,0.29037656991354194,0.28759116377591454,0.2901444435119629,232540000,0.0,0.0
2013-03-27 00:00:00-04:00,0.2889838529832852,0.2952509611516771,0.28828750148227966,0.29362615942955017,254944000,0.0,0.0
2013-03-28 00:00:00-04:00,0.2929298036465914,0.29803636279910006,0.2908407768444405,0.29780423641204834,349276000,0.0,0.0
2013-04-01 00:00:00-04:00,0.2971079069632246,0.2971079069632246,0.2859663652944115,0.288055419921875,442828000,0.0,0.0
2013-04-02 00:00:00-04:00,0.2882876592116038,0.2889840110936007,0.2831811248608666,0.2850380539894104,371524000,0.0,0.0
2013-04-03 00:00:00-04:00,0.28457357597239213,0.2861984049692532,0.2794670456588465,0.281556099653244,353156000,0.0,0.0
2013-04-04 00:00:00-04:00,0.28062765830895164,0.28526996422580564,0.2796992081937112,0.2843415141105652,294676000,0.0,0.0
2013-04-05 00:00:00-04:00,0.2801635543154349,0.2892160713672638,0.2794672025929345,0.2892160713672638,551352000,0.0,0.0
2013-04-08 00:00:00-04:00,0.2894481308905055,0.2894481308905055,0.28318102157896424,0.2885196805000305,326660000,0.0,0.0
2013-04-09 00:00:00-04:00,0.28875169165880543,0.2952509254313456,0.2866626650788544,0.29316189885139465,380584000,0.0,0.0
2013-04-10 00:00:00-04:00,0.2933940564206948,0.29826846151582315,0.2926977049298683,0.29780423641204834,384688000,0.0,0.0
2013-04-11 00:00:00-04:00,0.2936262837805347,0.2982685921928213,0.2855022440590332,0.2964116632938385,969220000,0.0,0.0
2013-04-12 00:00:00-04:00,0.2978042565324037,0.30708886991650447,0.29525097678364376,0.3038392663002014,770548000,0.0,0.0
2013-04-15 00:00:00-04:00,0.3029107639221972,0.3038392417879004,0.2957152057322207,0.2975721061229706,430420000,0.0,0.0
2013-04-16 00:00:00-04:00,0.3003575857491742,0.30291083824811676,0.29873275600308746,0.30082181096076965,468844000,0.0,0.0
2013-04-17 00:00:00-04:00,0.29850060646210236,0.3012859849282602,0.2950188764618224,0.29687580466270447,532948000,0.0,0.0
2013-04-18 00:00:00-04:00,0.2975721401862094,0.2994290684598511,0.29107290506362915,0.29107290506362915,402548000,0.0,0.0
2013-04-19 00:00:00-04:00,0.29084075638166895,0.2926976843364483,0.28712690047211015,0.29176920652389526,303028000,0.0,0.0
2013-04-22 00:00:00-04:00,0.2915372027085603,0.29478680693431053,0.2892160489272142,0.29223352670669556,245568000,0.0,0.0
2013-04-23 00:00:00-04:00,0.2947866720806397,0.3029107065989147,0.29432244707080285,0.29989323019981384,376948000,0.0,0.0
2013-04-24 00:00:00-04:00,0.30082178263607834,0.31265967660397653,0.3005896562169696,0.31010639667510986,556556000,0.0,0.0
2013-04-25 00:00:00-04:00,0.3117310819258758,0.31335588309630036,0.30894567686763974,0.31265953183174133,353224000,0.0,0.0
2013-04-26 00:00:00-04:00,0.31219543667573646,0.3126596618216733,0.30964215686758684,0.3112669587135315,324332000,0.0,0.0
2013-04-29 00:00:00-04:00,0.31173120133458593,0.31614138158224747,0.31033849827199267,0.31498080492019653,269712000,0.0,0.0
2013-04-30 00:00:00-04:00,0.31567715754791537,0.31962311267852783,0.3135881029467697,0.31962311267852783,276712000,0.0,0.0
2013-05-01 00:00:00-04:00,0.31962322669091825,0.32171228203724817,0.3156772701527487,0.3168378472328186,341316000,0.0,0.0
2013-05-02 00:00:00-04:00,0.3166055033245611,0.32147993478154757,0.31474857573759857,0.32055148482322693,323480000,0.0,0.0
2013-05-03 00:00:00-04:00,0.3226406778261589,0.32426547992818333,0.3207837492794157,0.32194432616233826,293864000,0.0,0.0
2013-05-06 00:00:00-04:00,0.321944165574146,0.32380109319463957,0.31915878797856645,0.32101571559906006,217116000,0.0,0.0
2013-05-07 00:00:00-04:00,0.3210159302551382,0.32171228203724817,0.3138203412905689,0.3168378472328186,448068000,0.0,0.0
2013-05-08 00:00:00-04:00,0.3173020864945615,0.3244976757757932,0.31614150936341706,0.3226407468318939,334032000,0.0,0.0
2013-05-09 00:00:00-04:00,0.3168378064094168,0.3242654932307654,0.31637358117127057,0.3228728175163269,566800000,0.0,0.0
2013-05-10 00:00:00-04:00,0.32960410369383386,0.33888874542952346,0.32960410369383386,0.3374960422515869,861136000,0.0,0.0
2013-05-13 00:00:00-04:00,0.33517485741058695,0.3365675604583648,0.3291398477639898,0.3305325508117676,289812000,0.0,0.0
2013-05-14 00:00:00-04:00,0.3344785406430571,0.33819239737615914,0.33122893675434245,0.335407018661499,454140000,0.0,0.0
2013-05-15 00:00:00-04:00,0.3337821461444394,0.34237043527705874,0.3337821461444394,0.34120985865592957,313172000,0.0,0.0
2013-05-16 00:00:00-04:00,0.34074567239746933,0.34422740265788565,0.33842449122019264,0.3395850956439972,308368000,0.0,0.0
2013-05-17 00:00:00-04:00,0.3412099388511186,0.3474770485441205,0.33865665861640065,0.34515589475631714,312116000,0.0,0.0
2013-05-20 00:00:00-04:00,0.34376312255584046,0.3458521771486035,0.34260254589441547,0.3444594740867615,236380000,0.0,0.0
2013-05-21 00:00:00-04:00,0.3464425431208107,0.34947537610525903,0.34247654359232665,0.34807559847831726,357784000,0.001875,0.0
2013-05-22 00:00:00-04:00,0.3494754387120216,0.3494754387120216,0.33454457665644427,0.33594435453414917,480404000,0.0,0.0
2013-05-23 00:00:00-04:00,0.33197822105841834,0.3424764961854961,0.33104505464355494,0.3413100242614746,393884000,0.0,0.0
2013-05-24 00:00:00-04:00,0.33944363693078544,0.3422431637661364,0.33547761045224916,0.3392103314399719,283304000,0.0,0.0
2013-05-28 00:00:00-04:00,0.34177659361318535,0.34270975999021797,0.3357109287298237,0.33897703886032104,279300000,0.0,0.0
2013-05-29 00:00:00-04:00,0.3368774354457855,0.33897707391669113,0.335477657924591,0.3368774354457855,335052000,0.0,0.0
2013-05-30 00:00:00-04:00,0.3364108310562306,0.344809440033539,0.3354776368304828,0.3413100242614746,284504000,0.0,0.0
2013-05-31 00:00:00-04:00,0.3394437038488571,0.34434286982382434,0.33757734298706055,0.33757734298706055,577508000,0.0,0.0
2013-06-03 00:00:00-04:00,0.33804383469350596,0.34061008365979056,0.33011181013191365,0.3371106684207916,444468000,0.0,0.0
2013-06-04 00:00:00-04:00,0.33921039831204963,0.34527606416016643,0.33547767658845656,0.33757734298706055,363676000,0.0,0.0
2013-06-05 00:00:00-04:00,0.337110829056988,0.3396770514352194,0.3294120784896136,0.3303452730178833,464520000,0.0,0.0
2013-06-06 00:00:00-04:00,0.33034526725184626,0.3350111563790732,0.3301119616711277,0.3324449062347412,341044000,0.0,0.0
2013-06-07 00:00:00-04:00,0.33477769711724553,0.3392103064398389,0.3333779477081741,0.3371106684207916,274584000,0.0,0.0
2013-06-10 00:00:00-04:00,0.3361775466851883,0.33897707391669113,0.3343111859272243,0.3368774354457855,224148000,0.0,0.0
2013-06-11 00:00:00-04:00,0.3324447191354076,0.3371106334475586,0.33057838678359985,0.33057838678359985,296336000,0.0,0.0
2013-06-12 00:00:00-04:00,0.3322114852746409,0.33501101198214245,0.32591251541916133,0.3277788758277893,312588000,0.0,0.0
2013-06-13 00:00:00-04:00,0.3266125302441601,0.3368775025523176,0.32637925248474914,0.33524444699287415,236256000,0.0,0.0
2013-06-14 00:00:00-04:00,0.33641079559214004,0.33687737875038504,0.33244476921985405,0.33477771282196045,236012000,0.0,0.0
2013-06-17 00:00:00-04:00,0.3373440690835204,0.34107679115713646,0.33547770804671234,0.3380439579486847,255336000,0.0,0.0
2013-06-18 00:00:00-04:00,0.33967704918987357,0.3434097716564912,0.33314479877873937,0.33594435453414917,486772000,0.0,0.0
2013-06-19 00:00:00-04:00,0.3389770026443999,0.3611399937453293,0.33781053089229207,0.3462091386318207,1159588000,0.0,0.0
2013-06-20 00:00:00-04:00,0.3434096841932163,0.3438762674299858,0.3345444914510521,0.3368774354457855,628696000,0.0,0.0
2013-06-21 00:00:00-04:00,0.3387437942678848,0.33991026625858534,0.33081176804458967,0.33641085028648376,714228000,0.0,0.0
2013-06-24 00:00:00-04:00,0.3315116197226191,0.3357109239816387,0.324512788561214,0.32941195368766785,580772000,0.0,0.0
2013-06-25 00:00:00-04:00,0.3329114708120491,0.3336113318344876,0.32824555452682846,0.3317449986934662,457360000,0.0,0.0
2013-06-26 00:00:00-04:00,0.335477683137745,0.33594429422046923,0.3284788506275406,0.32987862825393677,579752000,0.0,0.0
2013-06-27 00:00:00-04:00,0.33081176427484077,0.3312783475036269,0.32334634918160643,0.32684576511383057,808036000,0.0,0.0
2013-06-28 00:00:00-04:00,0.32684581360496984,0.33081181335437937,0.3226465083011111,0.327545702457428,431536000,0.0,0.0
2013-07-01 00:00:00-04:00,0.3298786523580817,0.3305785412224205,0.3268458191532072,0.32894545793533325,199524000,0.0,0.0
2013-07-02 00:00:00-04:00,0.3270789931795009,0.3336112408237139,0.3256792437055933,0.3287120759487152,256392000,0.0,0.0
2013-07-03 00:00:00-04:00,0.32591261373105035,0.33361133535716786,0.32591261373105035,0.3296453356742859,140388000,0.0,0.0
2013-07-05 00:00:00-04:00,0.33057849878389456,0.332911442824935,0.32847883246042614,0.33221155405044556,184684000,0.0,0.0
2013-07-08 00:00:00-04:00,0.3331446076727741,0.33477766238604445,0.32871202662091487,0.33057838678359985,262084000,0.0,0.0
2013-07-09 00:00:00-04:00,0.33127835974749736,0.33431119256302727,0.3303451932554358,0.33221155405044556,157364000,0.0,0.0
2013-07-10 00:00:00-04:00,0.3322115308201439,0.3375773073015057,0.33127833658245043,0.33664411306381226,208468000,0.0,0.0
2013-07-11 00:00:00-04:00,0.33851046939511553,0.3417766074689063,0.33781058067852576,0.3413100242614746,239832000,0.0,0.0
2013-07-12 00:00:00-04:00,0.34061009094381045,0.3448093948825882,0.33944361917253224,0.3415432572364807,216360000,0.0,0.0
2013-07-15 00:00:00-04:00,0.34224321664155033,0.34224321664155033,0.3354776622824079,0.34084343910217285,201332000,0.0,0.0
2013-07-16 00:00:00-04:00,0.34224310723873225,0.3445760505180122,0.34061005250541176,0.3427096903324127,162560000,0.0,0.0
2013-07-17 00:00:00-04:00,0.3427097998843806,0.3438762718968997,0.3399102726165122,0.34084343910217285,166100000,0.0,0.0
2013-07-18 00:00:00-04:00,0.3403769098626267,0.3415433820602151,0.33501113219154194,0.33944374322891235,344488000,0.0,0.0
2013-07-19 00:00:00-04:00,0.3373440253785572,0.3389770806451082,0.3287121379888849,0.33221155405044556,480532000,0.0,0.0
2013-07-22 00:00:00-04:00,0.334777848974344,0.33781068245269597,0.33057857103143357,0.33197832107543945,292384000,0.0,0.0
2013-07-23 00:00:00-04:00,0.3361774134400063,0.3361774134400063,0.3298784727130121,0.331511527299881,246792000,0.0,0.0
2013-07-24 00:00:00-04:00,0.3345443588531375,0.3354775249568125,0.3310449442480435,0.331511527299881,284252000,0.0,0.0
2013-07-25 00:00:00-04:00,0.33127836165271807,0.3371107495997486,0.32894541759826057,0.3326781392097473,243320000,0.0,0.0
2013-07-26 00:00:00-04:00,0.32871213221597567,0.3333780202161133,0.32871213221597567,0.33127835392951965,227360000,0.0,0.0
2013-07-29 00:00:00-04:00,0.33057838678359985,0.33477766238604445,0.32964519279681875,0.33057838678359985,179540000,0.0,0.0
2013-07-30 00:00:00-04:00,0.33174494568649926,0.34061013793340633,0.33151164017570517,0.3361775279045105,266076000,0.0,0.0
2013-07-31 00:00:00-04:00,0.3345444914510521,0.3401435459140579,0.3343111859272243,0.3368774354457855,270160000,0.0,0.0
2013-08-01 00:00:00-04:00,0.3380438419226461,0.3422431458614238,0.33407784346247626,0.3415432572364807,277648000,0.0,0.0
2013-08-02 00:00:00-04:00,0.3408433235388919,0.34504262692235965,0.33851038030484065,0.34434273838996887,209628000,0.0,0.0
2013-08-05 00:00:00-04:00,0.3434097450901468,0.34714246726799924,0.3415433840012206,0.34597599506378174,185188000,0.0,0.0
2013-08-06 00:00:00-04:00,0.34620921592193776,0.3469091046916265,0.3401435503324841,0.34084343910217285,206608000,0.0,0.0
2013-08-07 00:00:00-04:00,0.33897700420868576,0.3441095021903496,0.3387437265437158,0.3406100869178772,244380000,0.0,0.0
2013-08-08 00:00:00-04:00,0.3424765784065499,0.34457621724951165,0.33851055066401375,0.3429431617259979,345696000,0.0,0.0
2013-08-09 00:00:00-04:00,0.32941204162980875,0.3431764299417391,0.32917876388201417,0.3380439579486847,906224000,0.0,0.0
2013-08-12 00:00:00-04:00,0.32427958578470045,0.34014361367120444,0.3058493078684342,0.33524444699287415,257568000,0.0,0.0
2013-08-13 00:00:00-04:00,0.3357109615298863,0.3378105999887928,0.33361129526009375,0.33641085028648376,197468000,0.0,0.0
2013-08-14 00:00:00-04:00,0.335710901741445,0.3527413953348036,0.33547759626050105,0.35064175724983215,828508000,0.0,0.0
2013-08-15 00:00:00-04:00,0.346909106826526,0.355774299738405,0.34550932927853417,0.3529747724533081,723616000,0.0,0.0
2013-08-16 00:00:00-04:00,0.35227480248850307,0.3592736329936277,0.3515749138758146,0.3543744683265686,660456000,0.0,0.0
2013-08-19 00:00:00-04:00,0.3522749525653047,0.3534414248131014,0.3485422302479985,0.3487755358219147,393432000,0.0,0.0
2013-08-20 00:00:00-04:00,0.34865822107516065,0.3528786987854479,0.3481892853187085,0.35053399205207825,234192000,0.001875,0.0
2013-08-21 00:00:00-04:00,0.34842369530045286,0.352878654302946,0.347485823905773,0.3488926589488983,261540000,0.0,0.0
2013-08-22 00:00:00-04:00,0.34865822387696854,0.3540510549972773,0.34865822387696854,0.35076847672462463,129016000,0.0,0.0
2013-08-23 00:00:00-04:00,0.35123741248484514,0.3540510549972773,0.35006505910873925,0.35076847672462463,245120000,0.0,0.0
2013-08-26 00:00:00-04:00,0.3510029056085035,0.3524097407399902,0.3500650341549172,0.35147184133529663,300152000,0.0,0.0
2013-08-27 00:00:00-04:00,0.3481893138451951,0.35053402077066215,0.345844606919728,0.34701696038246155,277464000,0.0,0.0
2013-08-28 00:00:00-04:00,0.34772037805032396,0.3502995388976709,0.34561012504673677,0.34701696038246155,318824000,0.0,0.0
2013-08-29 00:00:00-04:00,0.3458444515713009,0.3495959921473539,0.3449065524517383,0.34631338715553284,276216000,0.0,0.0
2013-08-30 00:00:00-04:00,0.3465480441342346,0.3474859157768765,0.34420333707651707,0.3458446264266968,378120000,0.0,0.0
2013-09-03 00:00:00-04:00,0.346782439280566,0.35100291685919793,0.3439687968785141,0.346079021692276,284680000,0.0,0.0
2013-09-04 00:00:00-04:00,0.3460790221942458,0.3514718531108137,0.3456100864517417,0.3493616282939911,222080000,0.0,0.0
2013-09-05 00:00:00-04:00,0.34795477106218686,0.3517063126666656,0.3477203171813485,0.3502994775772095,174904000,0.0,0.0
2013-09-06 00:00:00-04:00,0.35053394786514086,0.3524097186056061,0.3463134706868704,0.3488926589488983,226756000,0.0,0.0
2013-09-09 00:00:00-04:00,0.3517063237809373,0.3547544479370117,0.35076845232573317,0.3547544479370117,246408000,0.0,0.0
2013-09-10 00:00:00-04:00,0.3573336432621453,0.36249199226754053,0.35569232625719904,0.3622575104236603,292132000,0.0,0.0
2013-09-11 00:00:00-04:00,0.3617884531123965,0.36929153418195176,0.35920926550084953,0.36835363507270813,396164000,0.0,0.0
2013-09-12 00:00:00-04:00,0.36647801210101233,0.3728087427917989,0.36647801210101233,0.36811932921409607,303808000,0.0,0.0
2013-09-13 00:00:00-04:00,0.36929170327025196,0.3721053459840739,0.3667125144777669,0.3704640567302704,159696000,0.0,0.0
2013-09-16 00:00:00-04:00,0.3735121822726299,0.3760913431206056,0.36929170421553803,0.3706985116004944,231412000,0.0,0.0
2013-09-17 00:00:00-04:00,0.37210526777477904,0.37491890989722815,0.3704639788659425,0.3718707859516144,168608000,0.0,0.0
2013-09-18 00:00:00-04:00,0.37210535728148303,0.3760913535763414,0.3702295860982814,0.37515348196029663,268168000,0.0,0.0
2013-09-19 00:00:00-04:00,0.3767946669509821,0.3774980844438356,0.3718707724521124,0.3735120892524719,227572000,0.0,0.0
2013-09-20 00:00:00-04:00,0.3744499897879772,0.37679469631279755,0.3695260949054118,0.3702295124530792,356036000,0.0,0.0
2013-09-23 00:00:00-04:00,0.36999508905855344,0.3730432136124734,0.36460225760948145,0.3667125105857849,271244000,0.0,0.0
2013-09-24 00:00:00-04:00,0.36694697581967034,0.36952613651674104,0.3648367229390383,0.36811932921409607,229732000,0.0,0.0
2013-09-25 00:00:00-04:00,0.3674158856429017,0.37140188131226426,0.36577456864571617,0.36858823895454407,233156000,0.0,0.0
2013-09-26 00:00:00-04:00,0.36952621981093065,0.37022963759636407,0.36530574104944624,0.36741599440574646,148816000,0.0,0.0
2013-09-27 00:00:00-04:00,0.3646022742665698,0.3676503989597453,0.3631954668358743,0.36530569195747375,151920000,0.0,0.0
2013-09-30 00:00:00-04:00,0.36155411475719273,0.3674158812452442,0.35944386205082973,0.3648366928100586,226640000,0.0,0.0
2013-10-01 00:00:00-04:00,0.36530559584101585,0.36694691267164475,0.36249195376881677,0.3646021783351898,226976000,0.0,0.0
2013-10-02 00:00:00-04:00,0.36085075244058235,0.36577462027380625,0.36085075244058235,0.364367812871933,162036000,0.0,0.0
2013-10-03 00:00:00-04:00,0.36460226291700815,0.36788486938867265,0.35897497746717094,0.3606162667274475,436768000,0.0,0.0
2013-10-04 00:00:00-04:00,0.3601473448933845,0.36858830134647613,0.35920944531464516,0.36554017663002014,246228000,0.0,0.0
2013-10-07 00:00:00-04:00,0.3641333412374674,0.3681193655326627,0.3622575700311012,0.36554017663002014,169952000,0.0,0.0
2013-10-08 00:00:00-04:00,0.36460227985479415,0.36976065769974326,0.3596784118452236,0.36249205470085144,290712000,0.0,0.0
2013-10-09 00:00:00-04:00,0.36483655801811354,0.3650710397714473,0.35498879954674595,0.3568645417690277,275860000,0.0,0.0
2013-10-10 00:00:00-04:00,0.35944391605106585,0.3617886229985382,0.3568647272284017,0.3608507513999939,223484000,0.0,0.0
2013-10-11 00:00:00-04:00,0.3552233518662655,0.3596783107574612,0.35405099867665163,0.35780254006385803,213704000,0.0,0.0
2013-10-14 00:00:00-04:00,0.35686460102433454,0.3631953299045563,0.35686460102433454,0.3631953299045563,166628000,0.0,0.0
2013-10-15 00:00:00-04:00,0.3631953722392801,0.3653055968112579,0.3610851197161974,0.3613196015357971,208820000,0.0,0.0
2013-10-16 00:00:00-04:00,0.36342980602891795,0.36718134722861795,0.3629608703667313,0.3657745122909546,210072000,0.0,0.0
2013-10-17 00:00:00-04:00,0.3629609655974066,0.36741592543479346,0.3629609655974066,0.3664780259132385,213324000,0.0,0.0
2013-10-18 00:00:00-04:00,0.36577461587536864,0.37187086506351374,0.3643678084904123,0.3706985116004944,255068000,0.0,0.0
2013-10-21 00:00:00-04:00,0.37515342079714475,0.3753878746873757,0.3704640075792355,0.37163636088371277,195008000,0.0,0.0
2013-10-22 00:00:00-04:00,0.3716364036079823,0.37187085752516663,0.36647802611437574,0.3697606325149536,179452000,0.0,0.0
2013-10-23 00:00:00-04:00,0.36905727782790515,0.36905727782790515,0.36225760994943934,0.3634299635887146,252216000,0.0,0.0
2013-10-24 00:00:00-04:00,0.36436781182120237,0.36671251876867467,0.3601473337255299,0.3608507513999939,236436000,0.0,0.0
2013-10-25 00:00:00-04:00,0.36272640047322596,0.3629608543184012,0.3561612176395826,0.35733357071876526,330492000,0.0,0.0
2013-10-28 00:00:00-04:00,0.35686465998799777,0.3585059769028609,0.35170631126571655,0.35663020610809326,394024000,0.0,0.0
2013-10-29 00:00:00-04:00,0.35616121477086776,0.35780250347828324,0.3528786094049348,0.35709908604621887,387952000,0.0,0.0
2013-10-30 00:00:00-04:00,0.3582713763868361,0.35991266480688117,0.3538164187311742,0.3568645417690277,204032000,0.0,0.0
2013-10-31 00:00:00-04:00,0.35733373940723445,0.35991290062833353,0.35545796800481616,0.3561613857746124,293368000,0.0,0.0
2013-11-01 00:00:00-04:00,0.35803699393111793,0.3594438289390965,0.3552233518662655,0.35780254006385803,206136000,0.0,0.0
2013-11-04 00:00:00-05:00,0.35897488839153635,0.35897488839153635,0.34678239302380254,0.34748581051826477,410264000,0.0,0.0
2013-11-05 00:00:00-05:00,0.3453756711248569,0.34865824964006625,0.34162412886366506,0.34701696038246155,422368000,0.0,0.0
2013-11-06 00:00:00-05:00,0.34701692163036224,0.3495961101407972,0.343499861634919,0.3493616282939911,198044000,0.0,0.0
2013-11-07 00:00:00-05:00,0.3481892613070513,0.34912713275527857,0.34045172403030177,0.34115514159202576,553076000,0.0,0.0
2013-11-08 00:00:00-05:00,0.35170632469638025,0.36600904610766893,0.3502994895588049,0.3648366928100586,734532000,0.0,0.0
2013-11-11 00:00:00-05:00,0.3634298554647068,0.36882268619117514,0.36272646585129953,0.3678848147392273,297624000,0.0,0.0
2013-11-12 00:00:00-05:00,0.3695261104234149,0.37163636315503584,0.36436776144240995,0.36858823895454407,316032000,0.0,0.0
2013-11-13 00:00:00-05:00,0.3676503981839246,0.3786705434322357,0.36694700844561723,0.3786705434322357,332792000,0.0,0.0
2013-11-14 00:00:00-05:00,0.37749814465932924,0.38265649384456596,0.37726366280727397,0.3803117871284485,307980000,0.0,0.0
2013-11-15 00:00:00-05:00,0.38171861186778533,0.3821875476079239,0.3753878815470369,0.37913942337036133,450332000,0.0,0.0
2013-11-18 00:00:00-05:00,0.37093289727605855,0.37421547494076673,0.36905712663146645,0.36999499797821045,316948000,0.0,0.0
2013-11-19 00:00:00-05:00,0.3682269349640774,0.3715272899545415,0.36351212606199845,0.3639836013317108,206716000,0.002125,0.0
2013-11-20 00:00:00-05:00,0.3642195469191028,0.36516252613578204,0.3578545566421213,0.35856178402900696,204776000,0.0,0.0
2013-11-21 00:00:00-05:00,0.3590331260519072,0.3620977581869285,0.3573829481645832,0.36139053106307983,213568000,0.0,0.0
2013-11-22 00:00:00-05:00,0.3618619485599178,0.3618619485599178,0.35714713929177244,0.35785436630249023,158668000,0.0,0.0
2013-11-25 00:00:00-05:00,0.3578544619418769,0.36610538036625345,0.3578544619418769,0.36563390493392944,248208000,0.0,0.0
2013-11-26 00:00:00-05:00,0.36964145833568385,0.3727060905514039,0.36728405326243535,0.36869850754737854,753176000,0.0,0.0
2013-11-27 00:00:00-05:00,0.36846280890376765,0.37129171788137055,0.36610540349075804,0.3701130151748657,181272000,0.0,0.0
2013-11-29 00:00:00-05:00,0.3701129054768424,0.3710558561215687,0.36539806794576796,0.3677554726600647,116964000,0.0,0.0
2013-12-02 00:00:00-05:00,0.3663410758851494,0.37388476595152764,0.36563384879400823,0.3712916374206543,373872000,0.0,0.0
2013-12-03 00:00:00-05:00,0.3712917422553077,0.3762422770861187,0.3686985848897702,0.3710559904575348,290560000,0.0,0.0
2013-12-04 00:00:00-05:00,0.3701131009777873,0.37694956701940996,0.36917012173248004,0.37624233961105347,493176000,0.0,0.0
2013-12-05 00:00:00-05:00,0.37694947963159786,0.37694947963159786,0.3696415116102724,0.3701130151748657,271812000,0.0,0.0
2013-12-06 00:00:00-05:00,0.3745919642542151,0.3745919642542151,0.3637478912967369,0.3646908700466156,281000000,0.0,0.0
2013-12-09 00:00:00-05:00,0.3646910505786899,0.36586975352266776,0.3578545566421213,0.35856178402900696,385220000,0.0,0.0
2013-12-10 00:00:00-05:00,0.35856163969547644,0.3684627348188565,0.3580901643281695,0.3668125569820404,524268000,0.0,0.0
2013-12-11 00:00:00-05:00,0.3675196356109605,0.36799111078779745,0.36256907599799215,0.36327630281448364,414156000,0.0,0.0
2013-12-12 00:00:00-05:00,0.3620977236781494,0.36398365312785086,0.3554969846554353,0.35620421171188354,258724000,0.0,0.0
2013-12-13 00:00:00-05:00,0.3569114329561842,0.3595045613176242,0.35361104944733157,0.35408252477645874,184588000,0.0,0.0
2013-12-16 00:00:00-05:00,0.35431842281757264,0.35761877958691496,0.3540826710044084,0.354554146528244,237620000,0.0,0.0
2013-12-17 00:00:00-05:00,0.3543182822621821,0.3571471623854934,0.3512536504192275,0.35620421171188354,274104000,0.0,0.0
2013-12-18 00:00:00-05:00,0.3569115174264265,0.36186205170762636,0.35243243048344997,0.36115482449531555,426232000,0.0,0.0
2013-12-19 00:00:00-05:00,0.36068340198073134,0.3630408076326975,0.35832599632876516,0.36256933212280273,258544000,0.0,0.0
2013-12-20 00:00:00-05:00,0.36327636212994796,0.37011285166899266,0.3623333835198331,0.3698770999908447,382080000,0.0,0.0
2013-12-23 00:00:00-05:00,0.3719988167285919,0.3750634485597461,0.36893421299991935,0.3719988167285919,168568000,0.0,0.0
2013-12-24 00:00:00-05:00,0.3741205541819743,0.3741205541819743,0.3691699921634921,0.37294185161590576,79600000,0.0,0.0
2013-12-26 00:00:00-05:00,0.3743562783107972,0.3755349807898842,0.3684627378128787,0.36940571665763855,168920000,0.0,0.0
2013-12-27 00:00:00-05:00,0.37129167993734563,0.37223463076518926,0.369169998420968,0.37152740359306335,210976000,0.0,0.0
2013-12-30 00:00:00-05:00,0.3717630582521326,0.3767136190615126,0.37129158296135334,0.3764778673648834,248180000,0.0,0.0
2013-12-31 00:00:00-05:00,0.3771851632453894,0.3795425682323463,0.37482775825843256,0.37765663862228394,235776000,0.0,0.0
2014-01-02 00:00:00-05:00,0.37529919156622243,0.3767136456408372,0.37058438212081457,0.37388473749160767,260092000,0.0,0.0
2014-01-03 00:00:00-05:00,0.3745920019451243,0.3752992290530732,0.36822701417855164,0.36940571665763855,259332000,0.0,0.0
2014-01-06 00:00:00-05:00,0.3731775392815382,0.3771851501016998,0.36964143192432486,0.3743562698364258,409492000,0.0,0.0
2014-01-07 00:00:00-05:00,0.37812795187780834,0.3818998094807589,0.37553482436544294,0.3804853558540344,333288000,0.0,0.0
2014-01-08 00:00:00-05:00,0.38189999458799123,0.38755778373475197,0.3804855402756796,0.38567185401916504,308192000,0.0,0.0
2014-01-09 00:00:00-05:00,0.37977827820689863,0.3804855052980398,0.3701129349695801,0.3712916374206543,292172000,0.0,0.0
2014-01-10 00:00:00-05:00,0.37247037073069,0.3750634994764026,0.3675198087850338,0.37082016468048096,218492000,0.0,0.0
2014-01-13 00:00:00-05:00,0.3708201326602614,0.3731775375541582,0.3613905130846742,0.36209774017333984,243332000,0.0,0.0
2014-01-14 00:00:00-05:00,0.363983732944587,0.37412058136993515,0.3623335267501791,0.3734133541584015,241828000,0.0,0.0
2014-01-15 00:00:00-05:00,0.37506343793689173,0.3788352967149413,0.37341326025992533,0.3774208426475525,175044000,0.0,0.0
2014-01-16 00:00:00-05:00,0.3774208222064938,0.3793067514933769,0.3757706446189008,0.37859952449798584,220652000,0.0,0.0
2014-01-17 00:00:00-05:00,0.3785997571251661,0.38307884544645854,0.3745921724921651,0.37694957852363586,340400000,0.0,0.0
2014-01-21 00:00:00-05:00,0.3774209283772419,0.3807213125833249,0.37435632403925473,0.3783639073371887,246076000,0.0,0.0
2014-01-22 00:00:00-05:00,0.37907107743790897,0.37954255279562765,0.37341328883783503,0.3778923749923706,337940000,0.0,0.0
2014-01-23 00:00:00-05:00,0.3767136190615126,0.380721201186855,0.37364898751772874,0.3764778673648834,185028000,0.0,0.0
2014-01-24 00:00:00-05:00,0.3734132964317883,0.3748277506361927,0.3668125569820404,0.3668125569820404,246696000,0.0,0.0
2014-01-27 00:00:00-05:00,0.36681256849183996,0.3719988538999181,0.36233348210567085,0.3644551634788513,233812000,0.0,0.0
2014-01-28 00:00:00-05:00,0.363747992935513,0.36822708001840476,0.3623335384667074,0.3679913282394409,167996000,0.0,0.0
2014-01-29 00:00:00-05:00,0.36657681674954734,0.36869849812272776,0.3642194117365587,0.3644551634788513,162944000,0.0,0.0
2014-01-30 00:00:00-05:00,0.3665767878202737,0.37129162557665285,0.36539808540679947,0.3705843985080719,202896000,0.0,0.0
2014-01-31 00:00:00-05:00,0.36539817624635734,0.37223466880557865,0.3651624525665499,0.3701130151748657,335348000,0.0,0.0
2014-02-03 00:00:00-05:00,0.3727060626380339,0.37317753799687603,0.36374791841010196,0.36516237258911133,431728000,0.0,0.0
2014-02-04 00:00:00-05:00,0.3649266544110945,0.3679912866790658,0.363040724699844,0.36728405952453613,280692000,0.0,0.0
2014-02-05 00:00:00-05:00,0.3646908282875182,0.36586953051303794,0.36115469350848123,0.3639836013317108,214676000,0.0,0.0
2014-02-06 00:00:00-05:00,0.3644551727950342,0.36964145833568385,0.36398369740088155,0.36869850754737854,168380000,0.0,0.0
2014-02-07 00:00:00-05:00,0.3696414471018011,0.374592008846163,0.3663410913405493,0.3741205334663391,157248000,0.0,0.0
2014-02-10 00:00:00-05:00,0.37364912654079335,0.38024986737506794,0.37341337475644837,0.3752993047237396,324372000,0.0,0.0
2014-02-11 00:00:00-05:00,0.3774208465138888,0.38402158539185377,0.37553494520802555,0.3830786347389221,235384000,0.0,0.0
2014-02-12 00:00:00-05:00,0.3842573897988674,0.39958055077885335,0.3842573897988674,0.39675164222717285,744528000,0.0,0.0
2014-02-13 00:00:00-05:00,0.4066527794717464,0.41160334149927746,0.3995805640624082,0.40924590826034546,902836000,0.0,0.0
2014-02-14 00:00:00-05:00,0.4054740027790728,0.42315453807025044,0.4052382510675314,0.42221158742904663,817536000,0.0,0.0
2014-02-18 00:00:00-05:00,0.4224475036772979,0.4238619301900007,0.41843989163507733,0.4219760000705719,428988000,0.0,0.0
2014-02-19 00:00:00-05:00,0.42197594296467755,0.43140559228570957,0.4200900131004711,0.42763373255729675,450340000,0.0,0.0
2014-02-20 00:00:00-05:00,0.42857658245911895,0.44366398971546395,0.4278693835163451,0.44272103905677795,398088000,0.0,0.0
2014-02-21 00:00:00-05:00,0.44201391675750723,0.44767170635781844,0.4365918789289754,0.43942075967788696,451052000,0.0,0.0
2014-02-24 00:00:00-05:00,0.43847776412638173,0.44908608693095686,0.43447018113181707,0.4457857310771942,403112000,0.0,0.0
2014-02-25 00:00:00-05:00,0.4451936932972054,0.4470881383892785,0.43903675380531126,0.4437728524208069,242184000,0.002125,0.0
2014-02-26 00:00:00-05:00,0.4428255786698139,0.44945612139933466,0.4416415541905913,0.4430623948574066,360884000,0.0,0.0
2014-02-27 00:00:00-05:00,0.44306246442680053,0.44756174686257294,0.436905524876336,0.4380895495414734,388848000,0.0,0.0
2014-02-28 00:00:00-05:00,0.43572153215903453,0.4399840269119375,0.4288541716600861,0.43524792790412903,321692000,0.0,0.0
2014-03-03 00:00:00-05:00,0.42553889223554875,0.4331166446208954,0.42175000192818773,0.4331166446208954,375948000,0.0,0.0
2014-03-04 00:00:00-05:00,0.435247941063234,0.440457644483456,0.4345375205447088,0.4376159906387329,260344000,0.0,0.0
2014-03-05 00:00:00-05:00,0.4371423544451038,0.441641665538147,0.43524793738421974,0.4414048492908478,241472000,0.0,0.0
2014-03-06 00:00:00-05:00,0.4421152601737006,0.44448330967760485,0.43453750740708236,0.43524792790412903,290144000,0.0,0.0
2014-03-07 00:00:00-05:00,0.43714241890606337,0.43785283952334214,0.43145911042659646,0.43477436900138855,268452000,0.0,0.0
2014-03-10 00:00:00-04:00,0.43335340369319314,0.43524784859700244,0.426486044445556,0.42838048934936523,300888000,0.0,0.0
2014-03-11 00:00:00-04:00,0.4305117054889071,0.43643185616921065,0.42909089303830555,0.43264296650886536,297220000,0.0,0.0
2014-03-12 00:00:00-04:00,0.43051181582447845,0.43643196802205364,0.42885418675925874,0.43382710218429565,239428000,0.0,0.0
2014-03-13 00:00:00-04:00,0.43477424381990937,0.4364319008594095,0.4179610830458604,0.4200923442840576,385172000,0.0,0.0
2014-03-14 00:00:00-04:00,0.4158299945392103,0.42577579908554086,0.4158299945392103,0.4219869077205658,460048000,0.0,0.0
2014-03-17 00:00:00-04:00,0.4231709327434476,0.42624940344881695,0.4215133033572897,0.4219869077205658,299656000,0.0,0.0
2014-03-18 00:00:00-04:00,0.4236444843807143,0.4347743118230972,0.4217500390602415,0.431932657957077,293904000,0.0,0.0
2014-03-19 00:00:00-04:00,0.435247938436953,0.447798606757242,0.43406388542697044,0.43951040506362915,366168000,0.0,0.0
2014-03-20 00:00:00-04:00,0.43714228929809656,0.44353604472854435,0.4352478725195361,0.439747154712677,191800000,0.0,0.0
2014-03-21 00:00:00-04:00,0.4435360975142256,0.44708817174082227,0.43666873707184617,0.4390367865562439,566116000,0.0,0.0
2014-03-24 00:00:00-04:00,0.43927364237775135,0.44282571692441225,0.4305118359124845,0.4369055926799774,306096000,0.0,0.0
2014-03-25 00:00:00-04:00,0.4416416920755253,0.4421152963692042,0.43359030616546645,0.4369055926799774,304424000,0.0,0.0
2014-03-26 00:00:00-04:00,0.4409312013633278,0.4492193739867974,0.4231708032265183,0.42695969343185425,557756000,0.0,0.0
2014-03-27 00:00:00-04:00,0.4260125495164487,0.429564624035911,0.4165403225685035,0.4212764501571655,540728000,0.0,0.0
2014-03-28 00:00:00-04:00,0.4205659749099202,0.4264860983390716,0.4193819502240899,0.4238812327384949,398820000,0.0,0.0
2014-03-31 00:00:00-04:00,0.4245916462128555,0.4283805364369488,0.4217499926594729,0.4241180419921875,273404000,0.0,0.0
2014-04-01 00:00:00-04:00,0.43761595047917773,0.44685133168435104,0.4324062193076696,0.441641628742218,656272000,0.0,0.0
2014-04-02 00:00:00-04:00,0.44164160090506394,0.4425888092968845,0.43690550248721444,0.4387999475002289,239948000,0.0,0.0
2014-04-03 00:00:00-04:00,0.43974718271232255,0.45419229505952324,0.4395103664852373,0.44353607296943665,599548000,0.0,0.0
2014-04-04 00:00:00-04:00,0.4459041156827262,0.4485089812243743,0.42790692957349696,0.4298013746738434,368032000,0.0,0.0
2014-04-07 00:00:00-04:00,0.4300382054192475,0.439510403633261,0.4276701558657441,0.43122223019599915,428576000,0.0,0.0
2014-04-08 00:00:00-04:00,0.4312222425010657,0.447798618077979,0.43051182196886717,0.4466145932674408,470692000,0.0,0.0
2014-04-09 00:00:00-04:00,0.4487457208114219,0.45253461060339933,0.44258878195680146,0.446140855550766,421968000,0.0,0.0
2014-04-10 00:00:00-04:00,0.4442465216648405,0.4504034334373655,0.43382708691003574,0.43524792790412903,372748000,0.0,0.0
2014-04-11 00:00:00-04:00,0.431932660399499,0.43856320494395806,0.42340767052385475,0.4290910065174103,353112000,0.0,0.0
2014-04-14 00:00:00-04:00,0.43193265686859694,0.43548473124951537,0.42909100300973774,0.43382710218429565,290184000,0.0,0.0
2014-04-15 00:00:00-04:00,0.43430072672067443,0.43927364237775135,0.43003823161880556,0.4369055926799774,304636000,0.0,0.0
2014-04-16 00:00:00-04:00,0.4390366753230311,0.4395102794540442,0.43240613280073936,0.4378526508808136,235136000,0.0,0.0
2014-04-17 00:00:00-04:00,0.43619514696968603,0.4435361119011883,0.435247938436953,0.43951040506362915,153532000,0.0,0.0
2014-04-21 00:00:00-04:00,0.4397471093779611,0.44424641933662923,0.43690545627370087,0.4430623948574066,117004000,0.0,0.0
2014-04-22 00:00:00-04:00,0.4437728138335779,0.44969296481754906,0.4414047647317383,0.44685128331184387,255120000,0.0,0.0
2014-04-23 00:00:00-04:00,0.44756174642996116,0.45324508175475225,0.44685132598569044,0.4520610570907593,261580000,0.0,0.0
2014-04-24 00:00:00-04:00,0.45513951657852575,0.4608228235455201,0.45513951657852575,0.4560867249965668,391492000,0.0,0.0
2014-04-25 00:00:00-04:00,0.45513953173848926,0.4594020262203989,0.44258883629047063,0.44353607296943665,313600000,0.0,0.0
2014-04-28 00:00:00-04:00,0.44708814791191964,0.4494561972701051,0.4361951095725164,0.441641628742218,226788000,0.0,0.0
2014-04-29 00:00:00-04:00,0.4432992265558484,0.4442464631703123,0.43761591978655756,0.44258880615234375,171300000,0.0,0.0
2014-04-30 00:00:00-04:00,0.44187846247918017,0.44235206672370875,0.4364319430936607,0.4373791515827179,305740000,0.0,0.0
2014-05-01 00:00:00-04:00,0.44400964892318445,0.4449568573124647,0.4361950809088163,0.439747154712677,198104000,0.0,0.0
2014-05-02 00:00:00-04:00,0.44187846377172085,0.44187846377172085,0.43382707867367865,0.4364319443702698,156376000,0.0,0.0
2014-05-05 00:00:00-04:00,0.4359583675831403,0.4444833580160561,0.43548476327672947,0.4411680996417999,239260000,0.0,0.0
2014-05-06 00:00:00-04:00,0.4454304638595735,0.44921932542595694,0.4309853532713005,0.4321693778038025,416188000,0.0,0.0
2014-05-07 00:00:00-04:00,0.4321693623586648,0.4361950399794251,0.427906868548119,0.43264296650886536,293900000,0.0,0.0
2014-05-08 00:00:00-04:00,0.4309854015506488,0.44495688130752065,0.42885414021577656,0.4380895495414734,432728000,0.0,0.0
2014-05-09 00:00:00-04:00,0.4248284152952884,0.4288540930683048,0.419381896788562,0.4274332523345947,539532000,0.0,0.0
2014-05-12 00:00:00-04:00,0.42838056415236586,0.440931232073633,0.4281437479120229,0.4399840235710144,299856000,0.0,0.0
2014-05-13 00:00:00-04:00,0.4340639198463406,0.44116809732267853,0.4314590820600837,0.43287989497184753,221104000,0.0,0.0
2014-05-14 00:00:00-04:00,0.433116699347197,0.4347743284801008,0.4283805999792553,0.428617388010025,214320000,0.0,0.0
2014-05-15 00:00:00-04:00,0.427670196235717,0.43003824601275265,0.4219868598332033,0.42624935507774353,325896000,0.0,0.0
2014-05-16 00:00:00-04:00,0.4229339795348865,0.42838049815933554,0.4229339795348865,0.42530202865600586,283960000,0.0,0.0
2014-05-19 00:00:00-04:00,0.4298014048588433,0.4414048360406417,0.4279069596254497,0.4390367865562439,360076000,0.0,0.0
2014-05-20 00:00:00-04:00,0.4391557205209247,0.4403451986144936,0.43178097335643434,0.43392202258110046,256200000,0.002125,0.0
2014-05-21 00:00:00-04:00,0.435587286240218,0.4393936274833964,0.43130515943149095,0.43392202258110046,216712000,0.0,0.0
2014-05-22 00:00:00-04:00,0.4329704867059585,0.43820418507195275,0.4329704867059585,0.4358252286911011,130364000,0.0,0.0
2014-05-23 00:00:00-04:00,0.4382040808358678,0.4420104214835709,0.43558721809564815,0.43986934423446655,182656000,0.0,0.0
2014-05-27 00:00:00-04:00,0.44248617525199807,0.44771987199783325,0.4410587905215938,0.44771987199783325,209680000,0.0,0.0
2014-05-28 00:00:00-04:00,0.4493852351409406,0.45438102577349054,0.44510310862776004,0.4515262842178345,224676000,0.0,0.0
2014-05-29 00:00:00-04:00,0.45128842338726805,0.45509476475669386,0.4498610666432801,0.4508126378059387,171884000,0.0,0.0
2014-05-30 00:00:00-04:00,0.45081260026079656,0.45319155632871155,0.4484336441928815,0.45200207829475403,239128000,0.0,0.0
2014-06-02 00:00:00-04:00,0.45342937752909646,0.45628411859884227,0.44676829612676416,0.4505746364593506,181500000,0.0,0.0
2014-06-03 00:00:00-04:00,0.45152629115817544,0.4520020766981992,0.44272413105046604,0.4486715495586395,243212000,0.0,0.0
2014-06-04 00:00:00-04:00,0.4474821394177817,0.4524779308850481,0.4472442324319796,0.44914740324020386,161236000,0.0,0.0
2014-06-05 00:00:00-04:00,0.44986095270451465,0.4524777869187437,0.44724409013089717,0.45105043053627014,188696000,0.0,0.0
2014-06-06 00:00:00-04:00,0.4531914803662822,0.45675991387002596,0.45152621706974616,0.4527156949043274,161052000,0.0,0.0
2014-06-09 00:00:00-04:00,0.45224000725848684,0.4574737051907761,0.44914735854778126,0.4531915783882141,247456000,0.0,0.0
2014-06-10 00:00:00-04:00,0.45152621065527676,0.45771150665098514,0.4496230404751059,0.45557042956352234,217608000,0.0,0.0
2014-06-11 00:00:00-04:00,0.4539051893192693,0.4627073483042088,0.4539051893192693,0.461517870426178,266228000,0.0,0.0
2014-06-12 00:00:00-04:00,0.4615180416050759,0.46651383353013076,0.45747379263223137,0.46437278389930725,337148000,0.0,0.0
2014-06-13 00:00:00-04:00,0.4691305853674174,0.4693684923183193,0.4603284252155553,0.46484845876693726,227852000,0.0,0.0
2014-06-16 00:00:00-04:00,0.4627073231287344,0.4665136351157013,0.45937676823582685,0.4634209871292114,198620000,0.0,0.0
2014-06-17 00:00:00-04:00,0.4638968884676098,0.4684168936672519,0.4615179323921364,0.4665137231349945,157608000,0.0,0.0
2014-06-18 00:00:00-04:00,0.46532429608998876,0.4681790663809126,0.4610421690129995,0.4660379886627197,215536000,0.0,0.0
2014-06-19 00:00:00-04:00,0.4574737757921674,0.45985273234302176,0.45200217005332244,0.4553327262401581,474592000,0.0,0.0
2014-06-20 00:00:00-04:00,0.4565220506128456,0.4581873139651702,0.44676832069876093,0.450336754322052,353148000,0.0,0.0
2014-06-23 00:00:00-04:00,0.4443893568946599,0.44534092783319973,0.4391556316545241,0.4451030492782593,414200000,0.0,0.0
2014-06-24 00:00:00-04:00,0.4443894367613658,0.4479578709613008,0.4363009688925432,0.4382041394710541,275780000,0.0,0.0
2014-06-25 00:00:00-04:00,0.43939355214646725,0.44296198581534246,0.43534933299362005,0.4427240788936615,215420000,0.0,0.0
2014-06-26 00:00:00-04:00,0.4427241476115511,0.442962054570159,0.4353494005668306,0.4367767572402954,256908000,0.0,0.0
2014-06-27 00:00:00-04:00,0.4363009518853562,0.43986938594619224,0.43368408889698595,0.43725255131721497,302820000,0.0,0.0
2014-06-30 00:00:00-04:00,0.43558724000639426,0.44224832229524275,0.43558724000639426,0.44105884432792664,180512000,0.0,0.0
2014-07-01 00:00:00-04:00,0.44058306286259497,0.44867153013032635,0.4391556779449388,0.4460546672344208,321180000,0.0,0.0
2014-07-02 00:00:00-04:00,0.4443894326686859,0.4462926032296692,0.4417725696024097,0.4443894326686859,179284000,0.0,0.0
2014-07-03 00:00:00-04:00,0.4403451700910453,0.4496231156355388,0.4403451700910453,0.44843363761901855,136892000,0.0,0.0
2014-07-07 00:00:00-04:00,0.44914735350004287,0.4493852604594983,0.4441515342266335,0.44486522674560547,127496000,0.0,0.0
2014-07-08 00:00:00-04:00,0.4436757721551102,0.4455789428533236,0.43701468889106115,0.4412968158721924,221940000,0.0,0.0
2014-07-09 00:00:00-04:00,0.4451030775861813,0.4565220713718355,0.4417725223706954,0.454618901014328,387668000,0.0,0.0
2014-07-10 00:00:00-04:00,0.44605472244051825,0.45414319070932135,0.44248628806412155,0.4522400200366974,266308000,0.0,0.0
2014-07-11 00:00:00-04:00,0.4527157928233505,0.4546189634421997,0.45105052916663047,0.4531915783882141,191188000,0.0,0.0
2014-07-14 00:00:00-04:00,0.455094706821737,0.4600905256882009,0.4534294433193798,0.458901047706604,272636000,0.0,0.0
2014-07-15 00:00:00-04:00,0.45961471629215195,0.4619936721317678,0.4565220680287732,0.46080419421195984,395440000,0.0,0.0
2014-07-16 00:00:00-04:00,0.46270741439260366,0.4662758485363746,0.45771159524756677,0.46032842993736267,319728000,0.0,0.0
2014-07-17 00:00:00-04:00,0.45509479896647037,0.4638969605000075,0.45509479896647037,0.45913901925086975,324832000,0.0,0.0
2014-07-18 00:00:00-04:00,0.44962311277169237,0.45319154679852414,0.43796621126840635,0.43867990374565125,567816000,0.0,0.0
2014-07-21 00:00:00-04:00,0.43701468889106115,0.44438946471186475,0.43701468889106115,0.4412968158721924,243364000,0.0,0.0
2014-07-22 00:00:00-04:00,0.4446272471763289,0.44700620294481064,0.4384419791939102,0.439393550157547,298816000,0.0,0.0
2014-07-23 00:00:00-04:00,0.4396314923604255,0.4398693709407306,0.4296398546434194,0.43011564016342163,297352000,0.0,0.0
2014-07-24 00:00:00-04:00,0.4324946396495823,0.4336841177489942,0.42773672725193457,0.43082937598228455,254576000,0.0,0.0
2014-07-25 00:00:00-04:00,0.4294019693444274,0.4303535687917819,0.42250300805822655,0.42321670055389404,266132000,0.0,0.0
2014-07-28 00:00:00-04:00,0.4251198104290046,0.4251198104290046,0.41441450888556686,0.421551376581192,330352000,0.0,0.0
2014-07-29 00:00:00-04:00,0.42178931058865193,0.4286883001528906,0.42155140363977045,0.42297878861427307,217972000,0.0,0.0
2014-07-30 00:00:00-04:00,0.4255956351843128,0.4313051181431231,0.42440615720461133,0.43011564016342163,246184000,0.0,0.0
2014-07-31 00:00:00-04:00,0.4248818935413072,0.42821242015518074,0.4156039493579929,0.4163176417350769,401880000,0.0,0.0
2014-08-01 00:00:00-04:00,0.4163176967566448,0.4232166861677257,0.4148903118138302,0.42083773016929626,219884000,0.0,0.0
2014-08-04 00:00:00-04:00,0.42036201706430176,0.4239304519174817,0.4177451818542761,0.4198862314224243,241724000,0.0,0.0
2014-08-05 00:00:00-04:00,0.4186966095548931,0.4263092906519218,0.41512817592543194,0.42012399435043335,298136000,0.0,0.0
2014-08-06 00:00:00-04:00,0.41726930511001276,0.42488198767296304,0.41417668472313357,0.41964828968048096,223456000,0.0,0.0
2014-08-07 00:00:00-04:00,0.42321676451282675,0.427023077799296,0.41251143217875064,0.41536620259284973,407696000,0.0,0.0
2014-08-08 00:00:00-04:00,0.4334462152931382,0.4543810343626691,0.4334462152931382,0.45200207829475403,894348000,0.0,0.0
2014-08-11 00:00:00-04:00,0.4524778794204193,0.45438105001217777,0.4484336596375539,0.44962313771247864,344624000,0.0,0.0
2014-08-12 00:00:00-04:00,0.44938525911313026,0.4520020938623282,0.4446273184540369,0.44962313771247864,296152000,0.0,0.0
2014-08-13 00:00:00-04:00,0.45033684936407337,0.4560463613819454,0.44748210753483514,0.4522400200366974,256596000,0.0,0.0
2014-08-14 00:00:00-04:00,0.45390525000733156,0.45390525000733156,0.44534099679669586,0.44724416732788086,255992000,0.0,0.0
2014-08-15 00:00:00-04:00,0.4486715694817685,0.45557053101694267,0.4443894427126215,0.4529536962509155,369796000,0.0,0.0
2014-08-18 00:00:00-04:00,0.45485689197822426,0.459614833227362,0.4503368860767305,0.45913901925086975,284076000,0.0,0.0
2014-08-19 00:00:00-04:00,0.4592583943306148,0.4652320928773125,0.45758573594966623,0.4628426134586334,248260000,0.002125,0.0
2014-08-20 00:00:00-04:00,0.4611700421543173,0.4633205911280931,0.4587805622844644,0.45997530221939087,221468000,0.0,0.0
2014-08-21 00:00:00-04:00,0.4587805005575893,0.4611699801059484,0.4549573503711207,0.4556741714477539,272796000,0.0,0.0
2014-08-22 00:00:00-04:00,0.45519630666945005,0.4597363351559153,0.45232893674817154,0.45591315627098083,251224000,0.0,0.0
2014-08-25 00:00:00-04:00,0.457824761215084,0.4609310906036659,0.45567421233767547,0.45663002133369446,153380000,0.0,0.0
2014-08-26 00:00:00-04:00,0.4578248628932207,0.4657101535586016,0.4561522323847707,0.4647543728351593,269636000,0.0,0.0
2014-08-27 00:00:00-04:00,0.46188684198735314,0.4654710614054938,0.4587805127946625,0.4594973623752594,182972000,0.0,0.0
2014-08-28 00:00:00-04:00,0.45854153496336403,0.464276274051135,0.45710783594900084,0.4633204936981201,179704000,0.0,0.0
2014-08-29 00:00:00-04:00,0.4649933037735939,0.4657101535586016,0.45997538376339187,0.4647543728351593,207932000,0.0,0.0
2014-09-02 00:00:00-04:00,0.4659489393234253,0.4659489393234253,0.4616478707012327,0.4659489393234253,192636000,0.0,0.0
2014-09-03 00:00:00-04:00,0.4683383915796081,0.4719226104762064,0.46523206283892166,0.4702499806880951,259456000,0.0,0.0
2014-09-04 00:00:00-04:00,0.4695332286226865,0.48148065590817224,0.46929426925273543,0.4786132574081421,491832000,0.0,0.0
2014-09-05 00:00:00-04:00,0.4781352778689692,0.48028582647052986,0.474073168490255,0.47717949748039246,253792000,0.0,0.0
2014-09-08 00:00:00-04:00,0.4767016649041365,0.4776574454082366,0.47096689642499934,0.47287848591804504,319288000,0.0,0.0
2014-09-09 00:00:00-04:00,0.47072796821718965,0.4738342976004408,0.46642689895459927,0.46690478920936584,198588000,0.0,0.0
2014-09-10 00:00:00-04:00,0.46953319387295045,0.47025004344490456,0.4642763160018492,0.46857738494873047,172376000,0.0,0.0
2014-09-11 00:00:00-04:00,0.4652320430268049,0.4669046727436864,0.4587804264998013,0.4637983441352844,250720000,0.0,0.0
2014-09-12 00:00:00-04:00,0.4666656726451476,0.4666656726451476,0.4563909074468734,0.4568687975406647,262536000,0.0,0.0
2014-09-15 00:00:00-04:00,0.4583026239067395,0.45901947348942845,0.44874470543047024,0.45065629482269287,294152000,0.0,0.0
2014-09-16 00:00:00-04:00,0.449461626504604,0.4597363961978689,0.4480279271111815,0.45734691619873047,219936000,0.0,0.0
2014-09-17 00:00:00-04:00,0.4561520219818266,0.4618867606470006,0.4540014736187572,0.4575856924057007,173584000,0.0,0.0
2014-09-18 00:00:00-04:00,0.46045304109849505,0.4649930396836597,0.45901934234274,0.46451514959335327,219604000,0.0,0.0
2014-09-19 00:00:00-04:00,0.4659489937227226,0.4664268839621282,0.45519630666945005,0.45591315627098083,601316000,0.0,0.0
2014-09-22 00:00:00-04:00,0.4652321171308907,0.4652321171308907,0.4508952113865601,0.4513731300830841,221464000,0.0,0.0
2014-09-23 00:00:00-04:00,0.4489836308146444,0.45447943956830616,0.44731100079870645,0.44946154952049255,196144000,0.0,0.0
2014-09-24 00:00:00-04:00,0.44922259549857657,0.4535236645083467,0.4487447052719008,0.45208996534347534,159592000,0.0,0.0
2014-09-25 00:00:00-04:00,0.4516120042421273,0.4528067438637398,0.4413372377992917,0.4422930181026459,298440000,0.0,0.0
2014-09-26 00:00:00-04:00,0.44372681785348095,0.44659418789982525,0.4418152283276361,0.4432489275932312,241188000,0.0,0.0
2014-09-29 00:00:00-04:00,0.4396646037564928,0.44563830180654584,0.4353635354634867,0.4425319731235504,208540000,0.0,0.0
2014-09-30 00:00:00-04:00,0.4406204776221466,0.4439657663314961,0.435602558800545,0.44085943698883057,277204000,0.0,0.0
2014-10-01 00:00:00-04:00,0.44157622433114785,0.4446825247509049,0.4353635665219513,0.4365583062171936,350976000,0.0,0.0
2014-10-02 00:00:00-04:00,0.4358414952578541,0.43799201550558997,0.42461091834124043,0.43464675545692444,288996000,0.0,0.0
2014-10-03 00:00:00-04:00,0.4372751444516409,0.4432488427737588,0.43560248613357544,0.43560248613357544,239140000,0.0,0.0
2014-10-06 00:00:00-04:00,0.43727525913682663,0.440859479070139,0.43010679078535397,0.4329741895198822,199032000,0.0,0.0
2014-10-07 00:00:00-04:00,0.4310626626646308,0.43536373290824437,0.4279563325728626,0.42843422293663025,301896000,0.0,0.0
2014-10-08 00:00:00-04:00,0.42795623170910985,0.4384699596583101,0.424610942981473,0.43631941080093384,260172000,0.0,0.0
2014-10-09 00:00:00-04:00,0.4344077827147509,0.43488570140826877,0.42437197439320506,0.4279561936855316,306956000,0.0,0.0
2014-10-10 00:00:00-04:00,0.42461088006645853,0.4260445790922768,0.4023887160753229,0.4026276469230652,691376000,0.0,0.0
2014-10-13 00:00:00-04:00,0.4052560856625173,0.41338033266782764,0.400716086221933,0.4011939764022827,397628000,0.0,0.0
2014-10-14 00:00:00-04:00,0.4066897461441991,0.42174347054996,0.40430026698407323,0.41051292419433594,376620000,0.0,0.0
2014-10-15 00:00:00-04:00,0.4045393647946764,0.4188762741582503,0.40191095372448715,0.4167257249355316,404428000,0.0,0.0
2014-10-16 00:00:00-04:00,0.4093182322419949,0.4217435196234717,0.4083624233758248,0.4169645607471466,351116000,0.0,0.0
2014-10-17 00:00:00-04:00,0.4219824632129075,0.4267614219108826,0.41457506583710985,0.416247695684433,290716000,0.0,0.0
2014-10-20 00:00:00-04:00,0.4162477715192006,0.4236551702445271,0.4133804014749873,0.4198319911956787,200336000,0.0,0.0
2014-10-21 00:00:00-04:00,0.42293831390821685,0.4382310013763582,0.4217435740349954,0.4377531111240387,351092000,0.0,0.0
2014-10-22 00:00:00-04:00,0.43703620131314763,0.438469900357498,0.42747828364372253,0.42747828364372253,239512000,0.0,0.0
2014-10-23 00:00:00-04:00,0.4348857257594491,0.4401425753189138,0.4317793965018603,0.4370362460613251,214476000,0.0,0.0
2014-10-24 00:00:00-04:00,0.4396646828324279,0.4442046827730747,0.4370362438237307,0.4415762722492218,210156000,0.0,0.0
2014-10-27 00:00:00-04:00,0.44133724770076055,0.4434877676739745,0.43655828910709377,0.4418151378631592,145092000,0.0,0.0
2014-10-28 00:00:00-04:00,0.44062045325638804,0.45280681058647587,0.44014256303429206,0.4523289203643799,192580000,0.0,0.0
2014-10-29 00:00:00-04:00,0.4504173299625017,0.4530457689052924,0.4453994114298445,0.44946154952049255,168340000,0.0,0.0
2014-10-30 00:00:00-04:00,0.4482668671941468,0.45017842832323063,0.4408594681219817,0.4465942084789276,170260000,0.0,0.0
2014-10-31 00:00:00-04:00,0.45686895143503975,0.46714374857917196,0.45447947167636127,0.46690478920936584,256316000,0.0,0.0
2014-11-03 00:00:00-05:00,0.47765746640615503,0.47933012508912887,0.4724006164328212,0.474790096282959,308732000,0.0,0.0
2014-11-04 00:00:00-05:00,0.4778963297278001,0.48267528846750357,0.47001104211032124,0.48100265860557556,360196000,0.0,0.0
2014-11-05 00:00:00-05:00,0.4838700566372704,0.48410898748335096,0.47741843955079794,0.48100265860557556,335652000,0.0,0.0
2014-11-06 00:00:00-05:00,0.4819585449658064,0.4838701630639552,0.47455114589608083,0.4831533133983612,394088000,0.0,0.0
2014-11-07 00:00:00-05:00,0.48864909211446084,0.4943838321087526,0.46809952642785346,0.47287848591804504,450800000,0.0,0.0
2014-11-10 00:00:00-05:00,0.47240060423363317,0.4814806616114911,0.471205864339417,0.47837433218955994,293388000,0.0,0.0
2014-11-11 00:00:00-05:00,0.47550702068035067,0.4781354318377566,0.46857751093478706,0.47263965010643005,212992000,0.0,0.0
2014-11-12 00:00:00-05:00,0.4709668458321668,0.4721615855763717,0.46308155782344557,0.46953317523002625,204584000,0.0,0.0
2014-11-13 00:00:00-05:00,0.47120579396229345,0.471922643488727,0.46332050614120784,0.4671436846256256,225328000,0.0,0.0
2014-11-14 00:00:00-05:00,0.46762163617580343,0.47287848591804504,0.4630816075692141,0.47287848591804504,160248000,0.0,0.0
2014-11-17 00:00:00-05:00,0.47072798013687134,0.47574589915109716,0.4676216506749623,0.47072798013687134,158732000,0.0,0.0
2014-11-18 00:00:00-05:00,0.47096689041050604,0.48315327683365167,0.4697721505532156,0.4819585084915161,207772000,0.0,0.0
2014-11-19 00:00:00-05:00,0.4823183660288484,0.4837581324212802,0.4751195912774658,0.4801587164402008,240300000,0.002125,0.0
2014-11-20 00:00:00-05:00,0.4767992394103921,0.4885572538483186,0.47535947319990823,0.488077312707901,220968000,0.0,0.0
2014-11-21 00:00:00-05:00,0.492396492963985,0.49311637589616236,0.48663748671732154,0.4907167851924896,198976000,0.0,0.0
2014-11-24 00:00:00-05:00,0.4919168141895304,0.4959961148394544,0.48999716348749056,0.49383652210235596,136004000,0.0,0.0
2014-11-25 00:00:00-05:00,0.49287664068253856,0.49719594058831446,0.4919168153292947,0.49359652400016785,190240000,0.0,0.0
2014-11-26 00:00:00-05:00,0.4907172439585626,0.5024752665622295,0.490477244616294,0.501995325088501,219264000,0.0,0.0
2014-11-28 00:00:00-05:00,0.5036749888087968,0.5060745815384734,0.4991157454591701,0.50319504737854,124832000,0.0,0.0
2014-12-01 00:00:00-05:00,0.501035298051184,0.5039147741042437,0.49311663878639456,0.49383652210235596,190060000,0.0,0.0
2014-12-02 00:00:00-05:00,0.4933564834326453,0.4967159001034574,0.48879724240181494,0.4945563077926636,245952000,0.0,0.0
2014-12-03 00:00:00-05:00,0.49695584319772557,0.5075140332043494,0.4955160770125569,0.5072740912437439,284424000,0.0,0.0
2014-12-04 00:00:00-05:00,0.5065541098292499,0.5084737595630263,0.4993553375114526,0.5027147531509399,185332000,0.0,0.0
2014-12-05 00:00:00-05:00,0.5029550195674759,0.5082341455575459,0.5027150774986343,0.5055946111679077,165680000,0.0,0.0
2014-12-08 00:00:00-05:00,0.5048746527640033,0.5099137787260011,0.49503628566242663,0.49911558628082275,226944000,0.0,0.0
2014-12-09 00:00:00-05:00,0.49599613091015743,0.49863572222446934,0.48855741268525,0.49743589758872986,239448000,0.0,0.0
2014-12-10 00:00:00-05:00,0.49599605030334,0.4979157579663844,0.4859177996127754,0.4863976836204529,204364000,0.0,0.0
2014-12-11 00:00:00-05:00,0.4892771600513208,0.49263657656052834,0.48519786040288715,0.48615768551826477,135652000,0.0,0.0
2014-12-12 00:00:00-05:00,0.4796789730731632,0.48399824516889073,0.4705605161167158,0.4710404574871063,323964000,0.0,0.0
2014-12-15 00:00:00-05:00,0.47655933268229805,0.48519790249708006,0.46816076207526075,0.46960052847862244,254696000,0.0,0.0
2014-12-16 00:00:00-05:00,0.46912070684246177,0.47655942508783977,0.4640815520589848,0.464321494102478,185308000,0.0,0.0
2014-12-17 00:00:00-05:00,0.47367987733580236,0.4839981280097393,0.4583224723357547,0.4832782447338104,345596000,0.0,0.0
2014-12-18 00:00:00-05:00,0.48927732193316603,0.4950363317416242,0.4806387786150836,0.4851980209350586,226156000,0.0,0.0
2014-12-19 00:00:00-05:00,0.4885573819258687,0.49191679915717174,0.48399814013436665,0.48999714851379395,325528000,0.0,0.0
2014-12-22 00:00:00-05:00,0.4895173131372387,0.49863579869270325,0.4878376041582418,0.49863579869270325,148976000,0.0,0.0
2014-12-23 00:00:00-05:00,0.50247498398599,0.50487457558356,0.49503620998597947,0.4955161511898041,109280000,0.0,0.0
2014-12-24 00:00:00-05:00,0.49671599930629967,0.497435882623929,0.49311663992893884,0.49359652400016785,45644000,0.0,0.0
2014-12-26 00:00:00-05:00,0.4935965788691782,0.49671605452207607,0.49239681134695173,0.49407652020454407,52636000,0.0,0.0
2014-12-29 00:00:00-05:00,0.4926366724209964,0.49671597286320707,0.49023708056023824,0.4933565557003021,82944000,0.0,0.0
2014-12-30 00:00:00-05:00,0.489997251034991,0.4923968434466673,0.48807754277917237,0.4887974262237549,112120000,0.0,0.0
2014-12-31 00:00:00-05:00,0.48951722238459133,0.49215681361433805,0.47967888380879176,0.48111867904663086,166300000,0.0,0.0
2015-01-02 00:00:00-05:00,0.4830382764339447,0.48663769261777423,0.4753595600489612,0.4830382764339447,113680000,0.0,0.0
2015-01-05 00:00:00-05:00,0.4830383722955231,0.48447813905478443,0.47272012013520454,0.47487974166870117,197952000,0.0,0.0
2015-01-06 00:00:00-05:00,0.4755995548327005,0.4760794674798034,0.4600022078668131,0.460482120513916,197764000,0.0,0.0
2015-01-07 00:00:00-05:00,0.4638415819121926,0.4679209113153249,0.45784260173746155,0.45928236842155457,321808000,0.0,0.0
2015-01-08 00:00:00-05:00,0.46456144083955353,0.4794389337753259,0.4643214702030182,0.4765594005584717,283780000,0.0,0.0
2015-01-09 00:00:00-05:00,0.47823917510521713,0.4820785339568908,0.47176025346734335,0.4784791171550751,209540000,0.0,0.0
2015-01-12 00:00:00-05:00,0.479678712846485,0.47991868340149574,0.4681606697082395,0.4724799394607544,190732000,0.0,0.0
2015-01-13 00:00:00-05:00,0.47607942441444123,0.48567779090981184,0.4684007369392225,0.4717601537704468,236720000,0.0,0.0
2015-01-14 00:00:00-05:00,0.4667211242770246,0.4751196966835413,0.4655213282189508,0.47367992997169495,155260000,0.0,0.0
2015-01-15 00:00:00-05:00,0.4770392958948973,0.47991880022907646,0.4700804627647923,0.4703204333782196,188932000,0.0,0.0
2015-01-16 00:00:00-05:00,0.469600656592931,0.479438996287381,0.46816088979677867,0.4789590835571289,181512000,0.0,0.0
2015-01-20 00:00:00-05:00,0.4823185145277586,0.48495804891937394,0.47439985414211877,0.48039886355400085,140308000,0.0,0.0
2015-01-21 00:00:00-05:00,0.4777592797192312,0.4883175026413801,0.47439983345088566,0.4871176779270172,144780000,0.0,0.0
2015-01-22 00:00:00-05:00,0.48807737718979355,0.49695591759050134,0.4830382519981295,0.4955161511898041,159712000,0.0,0.0
2015-01-23 00:00:00-05:00,0.4959961974765579,0.49791590570922284,0.4919168961469883,0.49695608019828796,120416000,0.0,0.0
2015-01-26 00:00:00-05:00,0.49479636549949646,0.4971959575699566,0.49167689008681953,0.49479636549949646,133240000,0.0,0.0
2015-01-27 00:00:00-05:00,0.4871177210494383,0.4875976624198288,0.47008060335172347,0.4710404574871063,357948000,0.0,0.0
2015-01-28 00:00:00-05:00,0.4767993465353733,0.47871902571219466,0.4631216502788909,0.46336162090301514,272728000,0.0,0.0
2015-01-29 00:00:00-05:00,0.46360169665769235,0.4772793674104574,0.4614420463670048,0.4746398329734802,235340000,0.0,0.0
2015-01-30 00:00:00-05:00,0.47128028019393675,0.4767993471068918,0.4600022043490055,0.46072205901145935,298200000,0.0,0.0
2015-02-02 00:00:00-05:00,0.46360150643327913,0.4727199593954489,0.4544830534711093,0.4708002805709839,259604000,0.0,0.0
2015-02-03 00:00:00-05:00,0.4741598858718401,0.4830384003947725,0.4717602935370794,0.4825584590435028,183468000,0.0,0.0
2015-02-04 00:00:00-05:00,0.4811187364068559,0.48927733868236023,0.4796789409973606,0.48375827074050903,181516000,0.0,0.0
2015-02-05 00:00:00-05:00,0.48423817994569046,0.49191689849135484,0.48375829579333357,0.4916769564151764,140448000,0.0,0.0
2015-02-06 00:00:00-05:00,0.49119695045031125,0.4969560172075308,0.48735759168242754,0.4895172417163849,210524000,0.0,0.0
2015-02-09 00:00:00-05:00,0.4866378022639994,0.49047710411075957,0.48351832660541255,0.4890373945236206,273944000,0.0,0.0
2015-02-10 00:00:00-05:00,0.4895169752962666,0.5029546950649728,0.4873573264377004,0.5027147531509399,226204000,0.0,0.0
2015-02-11 00:00:00-05:00,0.5039147089085471,0.5039147089085471,0.4959960506682613,0.4993555247783661,320832000,0.0,0.0
2015-02-12 00:00:00-05:00,0.5279106853028623,0.5399086437211773,0.5247912103930227,0.5351094603538513,676904000,0.0,0.0
2015-02-13 00:00:00-05:00,0.5339098404636795,0.5360694909696373,0.5257512370555727,0.5353496074676514,310084000,0.0,0.0
2015-02-17 00:00:00-05:00,0.5343896725924481,0.5396687981238949,0.5310302550773405,0.5370292067527771,203340000,0.0,0.0
2015-02-18 00:00:00-05:00,0.5363091564220355,0.537269038736747,0.5298302654569724,0.5307900905609131,170948000,0.0,0.0
2015-02-19 00:00:00-05:00,0.5375090246797845,0.5384688498622415,0.5298303087985771,0.5322299003601074,169432000,0.0,0.0
2015-02-20 00:00:00-05:00,0.5317500318961456,0.5363092159485937,0.5279106738434703,0.5360692739486694,157752000,0.0,0.0
2015-02-23 00:00:00-05:00,0.535829203228375,0.535829203228375,0.5291103139475543,0.5317499041557312,125008000,0.0,0.0
2015-02-24 00:00:00-05:00,0.5337979324556353,0.5374111533164978,0.5289802663537452,0.5374111533164978,149356000,0.002125,0.0
2015-02-25 00:00:00-05:00,0.5352428199277336,0.5376517087607249,0.530906946376705,0.5333157777786255,123820000,0.0,0.0
2015-02-26 00:00:00-05:00,0.5337973716692855,0.5378923778107301,0.5304249629959932,0.5347608923912048,152864000,0.0,0.0
2015-02-27 00:00:00-05:00,0.5333159214907129,0.534520366231769,0.529461778722854,0.5313888788223267,157492000,0.0,0.0
2015-03-02 00:00:00-05:00,0.5299434704144477,0.5472870809571067,0.5292208151892472,0.5443964600563049,301512000,0.0,0.0
2015-03-03 00:00:00-05:00,0.5403014542230679,0.5429511517719898,0.5325931700775618,0.5342793464660645,160344000,0.0,0.0
2015-03-04 00:00:00-05:00,0.5323521747907074,0.5415057097371169,0.5301842096332439,0.5403013229370117,226840000,0.0,0.0
2015-03-05 00:00:00-05:00,0.5403016706805782,0.5516231780710867,0.5388563596453859,0.5506596565246582,323056000,0.0,0.0
2015-03-06 00:00:00-05:00,0.5475279025684855,0.5501775998923552,0.5427102397445018,0.5431920289993286,257392000,0.0,0.0
2015-03-09 00:00:00-04:00,0.5434329948186062,0.5487324478716942,0.5422285501756438,0.5446373820304871,222388000,0.0,0.0
2015-03-10 00:00:00-04:00,0.5470461603777331,0.5576450654472105,0.5460826392162559,0.5540317893028259,527212000,0.0,0.0
2015-03-11 00:00:00-04:00,0.5540317058944167,0.5612581996641752,0.5496958326049887,0.5511411428451538,262120000,0.0,0.0
2015-03-12 00:00:00-04:00,0.5458415711949979,0.5499365776884758,0.5357244591674876,0.5460824370384216,406972000,0.0,0.0
2015-03-13 00:00:00-04:00,0.5434328507444768,0.5482505131769118,0.5359654337724561,0.546805202960968,359288000,0.0,0.0
2015-03-16 00:00:00-04:00,0.5511408780739946,0.5566811930456511,0.5475276042094187,0.5533087849617004,236956000,0.0,0.0
2015-03-17 00:00:00-04:00,0.5521046763093551,0.5602946912801869,0.5482505347257081,0.560053825378418,299900000,0.0,0.0
2015-03-18 00:00:00-04:00,0.5600538141271241,0.5629443771834874,0.5458416924490352,0.5509002208709717,413844000,0.0,0.0
2015-03-19 00:00:00-04:00,0.5528273986824751,0.5612582805804684,0.5487323906990105,0.5593312382698059,310756000,0.0,0.0
2015-03-20 00:00:00-04:00,0.5639080808165599,0.5687257444110501,0.5586086278901885,0.5653533339500427,462084000,0.0,0.0
2015-03-23 00:00:00-04:00,0.5484914950613856,0.5557179902382603,0.546805318596556,0.5470461845397949,426012000,0.0,0.0
2015-03-24 00:00:00-04:00,0.5453597388154162,0.5492138791597335,0.5371697264781483,0.5395785570144653,330480000,0.0,0.0
2015-03-25 00:00:00-04:00,0.5393379694937137,0.5393379694937137,0.50513247782418,0.5068187117576599,542552000,0.0,0.0
2015-03-26 00:00:00-04:00,0.49646068899680473,0.5073004024067356,0.49284741290611106,0.5051324367523193,311920000,0.0,0.0
2015-03-27 00:00:00-04:00,0.5080231179271825,0.5169357901007269,0.4998331010575558,0.5150087475776672,318288000,0.0,0.0
2015-03-30 00:00:00-04:00,0.517417374765833,0.5198262056823076,0.510672613741069,0.5171765089035034,253252000,0.0,0.0
2015-03-31 00:00:00-04:00,0.5157314149769455,0.5162131469034675,0.503687255347648,0.5041689872741699,357276000,0.0,0.0
2015-04-01 00:00:00-04:00,0.5060960054397583,0.5077821817721034,0.4974242004226444,0.5060960054397583,330768000,0.0,0.0
2015-04-02 00:00:00-04:00,0.5089867325808625,0.510432043453893,0.5029646805180247,0.5073005557060242,192204000,0.0,0.0
2015-04-06 00:00:00-04:00,0.505132357269496,0.5236804092313867,0.4998329630784411,0.5219942331314087,515864000,0.0,0.0
2015-04-07 00:00:00-04:00,0.5219941797310044,0.5323521585934303,0.5191035596090026,0.5265709757804871,413964000,0.0,0.0
2015-04-08 00:00:00-04:00,0.5270527197828409,0.5323521709861913,0.5219941918826392,0.5304250717163086,366432000,0.0,0.0
2015-04-09 00:00:00-04:00,0.526330156447195,0.5443964209161549,0.5260892905331376,0.5427102446556091,379432000,0.0,0.0
2015-04-10 00:00:00-04:00,0.5431920863270399,0.5484914815340698,0.5412649865354204,0.5482506155967712,258728000,0.0,0.0
2015-04-13 00:00:00-04:00,0.5470461133136587,0.5501775998923552,0.5407831401562658,0.5431920289993286,236724000,0.0,0.0
2015-04-14 00:00:00-04:00,0.5410241180049208,0.5431920837234474,0.5333158337375442,0.5386152863502502,220276000,0.0,0.0
2015-04-15 00:00:00-04:00,0.5400607548578213,0.5492142948515795,0.5374109990605781,0.5451192855834961,243560000,0.0,0.0
2015-04-16 00:00:00-04:00,0.541987422598773,0.546564218143052,0.5378924161653327,0.5417465567588806,155284000,0.0,0.0
2015-04-17 00:00:00-04:00,0.5304249629959932,0.5400603425083359,0.5301840971732757,0.5347608923912048,293636000,0.0,0.0
2015-04-20 00:00:00-04:00,0.5371699953599491,0.5405423483126227,0.5311478872892501,0.5321114659309387,231624000,0.0,0.0
2015-04-21 00:00:00-04:00,0.5386153749754046,0.5386153749754046,0.5287391233644376,0.5313888788223267,230456000,0.0,0.0
2015-04-22 00:00:00-04:00,0.5345205881140298,0.5381338089748924,0.5263305097959285,0.5374111533164978,207420000,0.0,0.0
2015-04-23 00:00:00-04:00,0.5275346877546193,0.5403015021992659,0.5215125794628814,0.5352429151535034,259380000,0.0,0.0
2015-04-24 00:00:00-04:00,0.5350019867158146,0.5352428526414069,0.5246440053113766,0.5306661128997803,240960000,0.0,0.0
2015-04-27 00:00:00-04:00,0.5323520618708816,0.5441553486497803,0.5277752666529526,0.5347608923912048,248456000,0.0,0.0
2015-04-28 00:00:00-04:00,0.5337979324556353,0.53933825421592,0.5287393428468736,0.5374111533164978,234484000,0.0,0.0
2015-04-29 00:00:00-04:00,0.5335566436894963,0.5388560957461498,0.5311478122875758,0.5333157777786255,195156000,0.0,0.0
2015-04-30 00:00:00-04:00,0.5306658862497603,0.5374105887342455,0.5294614422740739,0.5347608923912048,218844000,0.0,0.0
2015-05-01 00:00:00-04:00,0.5390970243162383,0.5496959296614553,0.5366881926343394,0.5480097532272339,256968000,0.0,0.0
2015-05-04 00:00:00-04:00,0.5475280032287317,0.5511412797265375,0.5429512054752049,0.5446373820304871,200720000,0.0,0.0
2015-05-05 00:00:00-04:00,0.5427102706455135,0.5434329258533649,0.5282572813506337,0.5306661128997803,292928000,0.0,0.0
2015-05-06 00:00:00-04:00,0.5335568349268669,0.5386154228857479,0.5253668167110861,0.5323524475097656,316484000,0.0,0.0
2015-05-07 00:00:00-04:00,0.5301841349782368,0.5434327325002353,0.5284979592368821,0.5417465567588806,534564000,0.0,0.0
2015-05-08 00:00:00-04:00,0.5060959365851158,0.5260892413599176,0.4935699913277718,0.5017600059509277,1146552000,0.0,0.0
2015-05-11 00:00:00-04:00,0.4947744056925035,0.5020009571507905,0.49092032148950965,0.4969423711299896,544144000,0.0,0.0
2015-05-12 00:00:00-04:00,0.49332912543622787,0.5058550132625057,0.49308820211361776,0.5017600059509277,388800000,0.0,0.0
2015-05-13 00:00:00-04:00,0.5053733075515796,0.5092274491704484,0.4998329897427811,0.5046506524085999,308524000,0.0,0.0
2015-05-14 00:00:00-04:00,0.5060959831956717,0.515490443003893,0.5048915387648925,0.5128406882286072,293052000,0.0,0.0
2015-05-15 00:00:00-04:00,0.5150086523696027,0.517417483793655,0.5099501236084142,0.5130816102027893,215824000,0.0,0.0
2015-05-18 00:00:00-04:00,0.5118771146757446,0.515490390166654,0.5094682834921602,0.5123589038848877,324972000,0.0,0.0
2015-05-19 00:00:00-04:00,0.5130366758469435,0.5147307152741295,0.5081967115613629,0.5091647505760193,253808000,0.00245,0.0
2015-05-20 00:00:00-04:00,0.5094067314812207,0.5154567156866592,0.508680731068691,0.5091647505760193,196824000,0.0,0.0
2015-05-21 00:00:00-04:00,0.5094065710389523,0.5115845715905599,0.505050569935737,0.5055345892906189,239692000,0.0,0.0
2015-05-22 00:00:00-04:00,0.5067445646665057,0.5086805265234995,0.5035985833762143,0.5048085451126099,212592000,0.0,0.0
2015-05-26 00:00:00-04:00,0.5023884330789175,0.5057763942945989,0.49779045274512856,0.5016624331474304,259732000,0.0,0.0
2015-05-27 00:00:00-04:00,0.5050506432848727,0.5309444997450524,0.5033566618421279,0.5285245180130005,432332000,0.0,0.0
2015-05-28 00:00:00-04:00,0.5285245962892001,0.5374785242542064,0.5275566149924013,0.5357845425605774,327656000,0.0,0.0
2015-05-29 00:00:00-04:00,0.5357843497017212,0.5391723118694614,0.534816368753353,0.535542368888855,335168000,0.0,0.0
2015-06-01 00:00:00-04:00,0.5389303971839826,0.5469163419574854,0.5355424346005354,0.5415923595428467,372660000,0.0,0.0
2015-06-02 00:00:00-04:00,0.5382043509140415,0.5411083515639257,0.5304603876456206,0.5309444069862366,224304000,0.0,0.0
2015-06-03 00:00:00-04:00,0.5323964752536142,0.5365104382346884,0.5241684915945533,0.5251365303993225,250788000,0.0,0.0
2015-06-04 00:00:00-04:00,0.5219905222040377,0.5362684303399029,0.5219905222040377,0.5345744490623474,323712000,0.0,0.0
2015-06-05 00:00:00-04:00,0.5328805373238142,0.541108522532565,0.5273145727841845,0.5386885404586792,313320000,0.0,0.0
2015-06-08 00:00:00-04:00,0.5369942877834912,0.5406242302140144,0.5202964025911584,0.5263463258743286,342812000,0.0,0.0
2015-06-09 00:00:00-04:00,0.5268306257014622,0.5328805522066838,0.5258626443842579,0.5290086269378662,256888000,0.0,0.0
2015-06-10 00:00:00-04:00,0.5227166310384815,0.5261045942975816,0.5166666471927267,0.5195706486701965,529460000,0.0,0.0
2015-06-11 00:00:00-04:00,0.5195705669080075,0.5287664739780119,0.5195705669080075,0.5251365303993225,283052000,0.0,0.0
2015-06-12 00:00:00-04:00,0.5217486049967727,0.5248945874429335,0.5096486947026632,0.5108587145805359,323728000,0.0,0.0
2015-06-15 00:00:00-04:00,0.508196636368204,0.5123106573294667,0.5043247116701728,0.5098906755447388,306548000,0.0,0.0
2015-06-16 00:00:00-04:00,0.5089227145908165,0.5169086614727814,0.5038407693739027,0.5161826610565186,256892000,0.0,0.0
2015-06-17 00:00:00-04:00,0.5159405098306502,0.5251364736029744,0.514730548000922,0.5222324728965759,233544000,0.0,0.0
2015-06-18 00:00:00-04:00,0.5265884637083158,0.5343323692798311,0.5251364633833737,0.5309444069862366,299404000,0.0,0.0
2015-06-19 00:00:00-04:00,0.5309444241833848,0.5353003676023934,0.5244104802064182,0.52925044298172,355656000,0.0,0.0
2015-06-22 00:00:00-04:00,0.5302184111544171,0.5331224118280202,0.5190864855014798,0.5270724296569824,514236000,0.0,0.0
2015-06-23 00:00:00-04:00,0.5280403046572971,0.5321542663211812,0.5094064579337416,0.5135204195976257,414064000,0.0,0.0
2015-06-24 00:00:00-04:00,0.5127945906860154,0.5154566108897201,0.5060186651425791,0.5084386467933655,253368000,0.0,0.0
2015-06-25 00:00:00-04:00,0.5084384645161648,0.5154564260965524,0.5084384645161648,0.5123104453086853,350460000,0.0,0.0
2015-06-26 00:00:00-04:00,0.508196630531206,0.508680649961359,0.49972672323039946,0.5019046664237976,421296000,0.0,0.0
2015-06-29 00:00:00-04:00,0.4960967746091129,0.5011787772280358,0.4861748656575149,0.48690086603164673,391724000,0.0,0.0
2015-06-30 00:00:00-04:00,0.48980467387562127,0.49198267439346677,0.4832707300189911,0.4866586923599243,315916000,0.0,0.0
2015-07-01 00:00:00-04:00,0.49875866372421024,0.5057765693291323,0.4893207190455682,0.49367666244506836,302892000,0.0,0.0
2015-07-02 00:00:00-04:00,0.4934347412970679,0.4973067235076635,0.49101475962755986,0.4941607415676117,145764000,0.0,0.0
2015-07-06 00:00:00-04:00,0.49004689051922035,0.4968228176639899,0.48448092563733364,0.48811087012290955,214776000,0.0,0.0
2015-07-07 00:00:00-04:00,0.48520672931679026,0.4871426912311184,0.46366885011114417,0.478914737701416,594252000,0.0,0.0
2015-07-08 00:00:00-04:00,0.47625286958232477,0.47915684187505586,0.47165488700774766,0.4755268692970276,332492000,0.0,0.0
2015-07-09 00:00:00-04:00,0.4830287398747969,0.4852067403506228,0.4668148421101973,0.4697188138961792,357588000,0.0,0.0
2015-07-10 00:00:00-04:00,0.4757687281704992,0.48230270021437527,0.47455873762140366,0.4779467284679413,216708000,0.0,0.0
2015-07-13 00:00:00-04:00,0.4827867919853529,0.48375477308839654,0.47794682877322203,0.48109281063079834,212472000,0.0,0.0
2015-07-14 00:00:00-04:00,0.48181882490264893,0.4823028154682543,0.4750428704388025,0.4813348054885864,249216000,0.0,0.0
2015-07-15 00:00:00-04:00,0.4801246999169332,0.4832706811142716,0.4735907567215073,0.4779467284679413,265732000,0.0,0.0
2015-07-16 00:00:00-04:00,0.4808508354595904,0.48859480023384094,0.479156853983395,0.48859480023384094,282848000,0.0,0.0
2015-07-17 00:00:00-04:00,0.48690076232923923,0.4873847240109691,0.47939877929332514,0.48569074273109436,220372000,0.0,0.0
2015-07-20 00:00:00-04:00,0.4856906787780111,0.4876266983407364,0.47552676358863594,0.47673675417900085,188412000,0.0,0.0
2015-07-21 00:00:00-04:00,0.47576875631795484,0.48569069094692036,0.47576875631795484,0.478914737701416,149720000,0.0,0.0
2015-07-22 00:00:00-04:00,0.4755267863165955,0.4755267863165955,0.46391087032421546,0.4697188138961792,356472000,0.0,0.0
2015-07-23 00:00:00-04:00,0.4706869058596565,0.48254480474183253,0.4697188958631077,0.4755268692970276,169916000,0.0,0.0
2015-07-24 00:00:00-04:00,0.4789147638688733,0.47939875437390017,0.46802484768772884,0.4699608385562897,188844000,0.0,0.0
2015-07-27 00:00:00-04:00,0.4658468351896975,0.47262278863157575,0.46197488240037615,0.46729883551597595,192420000,0.0,0.0
2015-07-28 00:00:00-04:00,0.46850881483995965,0.4806087211047788,0.46366885233403204,0.4774627685546875,198308000,0.0,0.0
2015-07-29 00:00:00-04:00,0.4764948984925923,0.48714283643757045,0.4745589071527362,0.4832708537578583,232680000,0.0,0.0
2015-07-30 00:00:00-04:00,0.48206075815619653,0.48932073131716014,0.48206075815619653,0.48448076844215393,190180000,0.0,0.0
2015-07-31 00:00:00-04:00,0.48641668686116224,0.486658667674124,0.47988274333596687,0.48278671503067017,218340000,0.0,0.0
2015-08-03 00:00:00-04:00,0.4866586586706111,0.4914986210217246,0.48036672492323423,0.49101465940475464,397132000,0.0,0.0
2015-08-04 00:00:00-04:00,0.48932067537426194,0.4944026185029391,0.48738465582745494,0.4929506182670593,260100000,0.0,0.0
2015-08-05 00:00:00-04:00,0.5050506252818149,0.5055346446897382,0.4970646800810193,0.49803271889686584,234628000,0.0,0.0
2015-08-06 00:00:00-04:00,0.49682265841750345,0.500452659436483,0.4866587132612695,0.49488669633865356,655676000,0.0,0.0
2015-08-07 00:00:00-04:00,0.5435281880801107,0.5655499948188859,0.529492265607308,0.5561121106147766,1405248000,0.0,0.0
2015-08-10 00:00:00-04:00,0.5522403984666666,0.5795861990396305,0.5488523777317355,0.5754722356796265,662304000,0.0,0.0
2015-08-11 00:00:00-04:00,0.5670022147193604,0.5781341416343994,0.5670022147193604,0.5725681781768799,435008000,0.0,0.0
2015-08-12 00:00:00-04:00,0.5633722988886316,0.5781341700868134,0.5633722988886316,0.5740202069282532,384048000,0.0,0.0
2015-08-13 00:00:00-04:00,0.574746274152172,0.5759562940028045,0.5677283090305013,0.5691803097724915,276884000,0.0,0.0
2015-08-14 00:00:00-04:00,0.5686962010760136,0.5730522026186161,0.5653082383408204,0.5696642398834229,214652000,0.0,0.0
2015-08-17 00:00:00-04:00,0.568696279863484,0.568696279863484,0.5590163520236339,0.5660343170166016,273880000,0.0,0.0
2015-08-18 00:00:00-04:00,0.5642844275504855,0.5681727001748873,0.5565078823016819,0.5608822107315063,287084000,0.00245,0.0
2015-08-19 00:00:00-04:00,0.560153247214826,0.5664716840159864,0.5526196996720567,0.5586951375007629,249248000,0.0,0.0
2015-08-20 00:00:00-04:00,0.5523767337320962,0.5550498964079558,0.5358515858839489,0.5385248064994812,426932000,0.0,0.0
2015-08-21 00:00:00-04:00,0.5346366442515477,0.543628245977303,0.5212707122118457,0.5217567682266235,382664000,0.0,0.0
2015-08-24 00:00:00-04:00,0.49259466734637414,0.5305052927206444,0.4860332307822662,0.5032874345779419,682284000,0.0,0.0
2015-08-25 00:00:00-04:00,0.5254018475294768,0.527346013138186,0.49283766746520996,0.49283766746520996,622684000,0.0,0.0
2015-08-26 00:00:00-04:00,0.5088767474030167,0.530505219961861,0.5049884742102392,0.5300191640853882,614976000,0.0,0.0
2015-08-27 00:00:00-04:00,0.5356086801220068,0.5501896647931357,0.5324494609826274,0.549946665763855,463764000,0.0,0.0
2015-08-28 00:00:00-04:00,0.5499464646986919,0.5557788448468385,0.5460581919533737,0.5523766279220581,320944000,0.0,0.0
2015-08-31 00:00:00-04:00,0.5497034009433863,0.553591673230243,0.544114020394715,0.5463011264801025,219352000,0.0,0.0
2015-09-01 00:00:00-04:00,0.5305054572048448,0.5394970603931403,0.5200557436747296,0.5239439606666565,353408000,0.0,0.0
2015-09-02 00:00:00-04:00,0.5382816185276572,0.5399827269017653,0.5292900208618033,0.539739727973938,344044000,0.0,0.0
2015-09-03 00:00:00-04:00,0.5477593312825897,0.5504325515366943,0.5402258422475327,0.5411978960037231,262556000,0.0,0.0
2015-09-04 00:00:00-04:00,0.5319631530080822,0.540468752340547,0.5283179375367795,0.5285609364509583,287972000,0.0,0.0
2015-09-08 00:00:00-04:00,0.5414406403449961,0.5533484525927498,0.5392535349069717,0.5511612892150879,238448000,0.0,0.0
2015-09-09 00:00:00-04:00,0.5528626146045048,0.5574798835937261,0.539010633817878,0.5402257442474365,289392000,0.0,0.0
2015-09-10 00:00:00-04:00,0.5370668006861821,0.5555360598856148,0.5346366365267747,0.5487315654754639,357076000,0.0,0.0
2015-09-11 00:00:00-04:00,0.5426560755022322,0.5540778389728449,0.5404689108143471,0.5504326224327087,301584000,0.0,0.0
2015-09-14 00:00:00-04:00,0.5531057636912414,0.554806872402777,0.5484884355086904,0.5514046549797058,192460000,0.0,0.0
2015-09-15 00:00:00-04:00,0.5516475972053685,0.5603961967787384,0.5499464886688332,0.557479977607727,327976000,0.0,0.0
2015-09-16 00:00:00-04:00,0.5565081959929821,0.5645277446951084,0.5523769221069915,0.5613685250282288,173508000,0.0,0.0
2015-09-17 00:00:00-04:00,0.5710890863527589,0.5761924715330081,0.5652567040864422,0.5664718151092529,268712000,0.0,0.0
2015-09-18 00:00:00-04:00,0.5586950118218856,0.5708458268062937,0.5552927952141826,0.5659855008125305,326412000,0.0,0.0
2015-09-21 00:00:00-04:00,0.5667145500460561,0.5730329853650102,0.5637983313020294,0.5718178749084473,281840000,0.0,0.0
2015-09-22 00:00:00-04:00,0.5594239153415971,0.5633121866738099,0.5533484805213318,0.5562646985054016,228356000,0.0,0.0
2015-09-23 00:00:00-04:00,0.5567509216591495,0.5623403030988748,0.5545638152250956,0.5589380860328674,161632000,0.0,0.0
2015-09-24 00:00:00-04:00,0.5555359952433598,0.5754633622076223,0.5467873936995452,0.5696309804916382,382440000,0.0,0.0
2015-09-25 00:00:00-04:00,0.5766783399286608,0.5849409423828156,0.5681727964401229,0.5737621784210205,369692000,0.0,0.0
2015-09-28 00:00:00-04:00,0.5737619945223569,0.5774072097234827,0.5625832341435092,0.566228449344635,395584000,0.0,0.0
2015-09-29 00:00:00-04:00,0.5723041646672317,0.5771644926013317,0.5642846177819987,0.5761924386024475,380736000,0.0,0.0
2015-09-30 00:00:00-04:00,0.5815386006952056,0.59976485428197,0.5781363836879774,0.5990357995033264,556380000,0.0,0.0
2015-10-01 00:00:00-04:00,0.5990360552898626,0.600737164519845,0.5703600815508719,0.587371289730072,489296000,0.0,0.0
2015-10-02 00:00:00-04:00,0.584212135899106,0.6026813983917236,0.5781366954474567,0.6026813983917236,386144000,0.0,0.0
2015-10-05 00:00:00-04:00,0.606569436542778,0.6252816908080959,0.6034102180115288,0.6177482008934021,482024000,0.0,0.0
2015-10-06 00:00:00-04:00,0.611186843298058,0.6284409900036816,0.6087566793420681,0.6257678270339966,453216000,0.0,0.0
2015-10-07 00:00:00-04:00,0.6272260762950317,0.6386478436308555,0.6170193622372124,0.6323294043540955,310152000,0.0,0.0
2015-10-08 00:00:00-04:00,0.6296559116178063,0.6376754560551121,0.6189631470749575,0.6359743475914001,460068000,0.0,0.0
2015-10-09 00:00:00-04:00,0.6325722734828483,0.6386477124439683,0.6216365644683841,0.633544385433197,423248000,0.0,0.0
2015-10-12 00:00:00-04:00,0.634273412432792,0.6439941268174703,0.629656141179197,0.6403488516807556,227588000,0.0,0.0
2015-10-13 00:00:00-04:00,0.6352452777271916,0.645451928266805,0.6330581134945631,0.6415637135505676,298444000,0.0,0.0
2015-10-14 00:00:00-04:00,0.6422927466743702,0.6753430371485394,0.6415637498285988,0.6648933291435242,612148000,0.0,0.0
2015-10-15 00:00:00-04:00,0.6661084494238885,0.6802034327864594,0.6593040146555227,0.6665945053100586,526048000,0.0,0.0
2015-10-16 00:00:00-04:00,0.6687814917182288,0.683362469142782,0.6670803255396757,0.6770440340042114,448396000,0.0,0.0
2015-10-19 00:00:00-04:00,0.6792312680889947,0.6823904859842765,0.6680525059887144,0.6758289933204651,294712000,0.0,0.0
2015-10-20 00:00:00-04:00,0.6729129127975207,0.678016238651325,0.6678095290040498,0.6748570203781128,264824000,0.0,0.0
2015-10-21 00:00:00-04:00,0.6789882409051706,0.6831195705947701,0.6648933171665419,0.6661083698272705,386280000,0.0,0.0
2015-10-22 00:00:00-04:00,0.6738850380224201,0.6923542937545291,0.6729129841290823,0.6901671290397644,306884000,0.0,0.0
2015-10-23 00:00:00-04:00,0.6962423930830568,0.6994016109007926,0.6857926859796981,0.6947842836380005,381776000,0.0,0.0
2015-10-26 00:00:00-04:00,0.6952704520634178,0.6969715607116688,0.6853067412012317,0.69162517786026,247436000,0.0,0.0
2015-10-27 00:00:00-04:00,0.6882228829484711,0.6955133725929238,0.687736827129643,0.6911391019821167,208268000,0.0,0.0
2015-10-28 00:00:00-04:00,0.6955134168912972,0.696728527545929,0.6853067075631171,0.696728527545929,217036000,0.0,0.0
2015-10-29 00:00:00-04:00,0.6855498181438676,0.6925972519098289,0.6714548347326059,0.6726698875427246,327168000,0.0,0.0
2015-10-30 00:00:00-04:00,0.6799604475404077,0.6942984301656876,0.6748570634214358,0.6894380450248718,301160000,0.0,0.0
2015-11-02 00:00:00-05:00,0.6916251712267318,0.6981866067898158,0.6874938991292222,0.6974575519561768,190088000,0.0,0.0
2015-11-03 00:00:00-05:00,0.6933262652255089,0.6972145382762964,0.6848207222453481,0.6925972104072571,376768000,0.0,0.0
2015-11-04 00:00:00-05:00,0.6906531253586371,0.6957564513130403,0.6780162520166848,0.6811754703521729,442264000,0.0,0.0
2015-11-05 00:00:00-05:00,0.6845777360050767,0.6865219017009712,0.6714548638013947,0.6733989715576172,478800000,0.0,0.0
2015-11-06 00:00:00-05:00,0.7399854584766286,0.7761949094875568,0.7246754236985761,0.766717255115509,1172272000,0.0,0.0
2015-11-09 00:00:00-05:00,0.7591838094922311,0.7655022461008036,0.7526223159789436,0.7633150815963745,492568000,0.0,0.0
2015-11-10 00:00:00-05:00,0.7533513866857778,0.7574827168166298,0.7326950257298608,0.7487341165542603,552260000,0.0,0.0
2015-11-11 00:00:00-05:00,0.7492202430794965,0.7545666269184255,0.7387705323531889,0.7414437532424927,619896000,0.0,0.0
2015-11-12 00:00:00-05:00,0.7397422404337218,0.7465467310414297,0.7356109694653088,0.7387701869010925,291080000,0.0,0.0
2015-11-13 00:00:00-05:00,0.739499314415249,0.7426585321623828,0.7205440079324468,0.724189281463623,292940000,0.0,0.0
2015-11-16 00:00:00-05:00,0.7336668624000502,0.7392562426372329,0.7278344253249716,0.7387701869010925,344280000,0.0,0.0
2015-11-17 00:00:00-05:00,0.7407143519060025,0.74508862177266,0.7356109694653088,0.7387701869010925,257048000,0.0,0.0
2015-11-18 00:00:00-05:00,0.7418195726274309,0.757919624951929,0.73376957554502,0.7569438219070435,350216000,0.002875,0.0
2015-11-19 00:00:00-05:00,0.7596272605631565,0.7667014552294972,0.7535287527090767,0.759139358997345,254072000,0.0,0.0
2015-11-20 00:00:00-05:00,0.7647499868502141,0.7701166715867481,0.760115125403193,0.7657257318496704,239744000,0.0,0.0
2015-11-23 00:00:00-05:00,0.7720679809723416,0.7720679809723416,0.7515771081385492,0.7542604207992554,242552000,0.0,0.0
2015-11-24 00:00:00-05:00,0.7542604230167687,0.7669452795586175,0.7508452872277077,0.7603589296340942,195428000,0.0,0.0
2015-11-25 00:00:00-05:00,0.7588954178101606,0.7679211603483367,0.7566999480598973,0.7593832612037659,138300000,0.0,0.0
2015-11-27 00:00:00-05:00,0.760846948692706,0.7681651234281527,0.7569439105351978,0.7657257318496704,86996000,0.0,0.0
2015-11-30 00:00:00-05:00,0.7664576404140895,0.7771910110813359,0.7657258170431549,0.7737758159637451,327244000,0.0,0.0
2015-12-01 00:00:00-05:00,0.780606033058595,0.7996333215808579,0.7798742097954556,0.7989014983177185,409496000,0.0,0.0
2015-12-02 00:00:00-05:00,0.8001211639450985,0.8084150833703435,0.7910954212576634,0.7928029894828796,294240000,0.0,0.0
2015-12-03 00:00:00-05:00,0.7991453732787367,0.8074392922296504,0.7871923382261391,0.7910953760147095,246656000,0.0,0.0
2015-12-04 00:00:00-05:00,0.791095423460488,0.8247590609762399,0.791095423460488,0.8232954144477844,458756000,0.0,0.0
2015-12-07 00:00:00-05:00,0.8230514606817618,0.8230514606817618,0.8052438976518911,0.8076832890510559,333588000,0.0,0.0
2015-12-08 00:00:00-05:00,0.7976817786827043,0.822075693747134,0.7925590739670784,0.81866055727005,314488000,0.0,0.0
2015-12-09 00:00:00-05:00,0.8184166461242844,0.8232954292001031,0.7896317910811452,0.7979257106781006,372676000,0.0,0.0
2015-12-10 00:00:00-05:00,0.8003650064637532,0.8089029049048391,0.7976816935409776,0.8045120239257812,236596000,0.0,0.0
2015-12-11 00:00:00-05:00,0.7964620055878993,0.80207261111901,0.7908514000567886,0.7925589680671692,227320000,0.0,0.0
2015-12-14 00:00:00-05:00,0.7932909362177338,0.798901542774229,0.7849969581605122,0.7945106029510498,275892000,0.0,0.0
2015-12-15 00:00:00-05:00,0.8035364175597522,0.809878847983739,0.7991455355060557,0.8042682409286499,307296000,0.0,0.0
2015-12-16 00:00:00-05:00,0.8059756070829311,0.8118301925644658,0.7989014132255345,0.8091468214988708,236356000,0.0,0.0
2015-12-17 00:00:00-05:00,0.8103667260748854,0.8186606464685325,0.7964621987891385,0.7969500422477722,254160000,0.0,0.0
2015-12-18 00:00:00-05:00,0.7913393734941496,0.799389371529186,0.7830454537488646,0.7840211987495422,395896000,0.0,0.0
2015-12-21 00:00:00-05:00,0.7925589034649944,0.8032922121523656,0.7854846521702792,0.8025603890419006,284216000,0.0,0.0
2015-12-22 00:00:00-05:00,0.8049999619414673,0.8113423915590114,0.7984136106185351,0.8032923936843872,130012000,0.0,0.0
2015-12-23 00:00:00-05:00,0.80451222818585,0.8096349336553159,0.8030485814346627,0.8064637184143066,122524000,0.0,0.0
2015-12-24 00:00:00-05:00,0.8040241173622027,0.8110983693792739,0.8028043926669914,0.8091468214988708,52448000,0.0,0.0
2015-12-28 00:00:00-05:00,0.8006089786532543,0.8084149956703186,0.7893877673965704,0.8084149956703186,142024000,0.0,0.0
2015-12-29 00:00:00-05:00,0.8089028839599786,0.8240271325578774,0.8067074144474593,0.8215877413749695,203660000,0.0,0.0
2015-12-30 00:00:00-05:00,0.8208560534670657,0.8279303065111159,0.8142697020038642,0.814513623714447,180344000,0.0,0.0
2015-12-31 00:00:00-05:00,0.8132938216796258,0.8169528793682781,0.8040241003036499,0.8040241003036499,148528000,0.0,0.0
2016-01-04 00:00:00-05:00,0.7876801156413736,0.7947543087237886,0.7815816091527614,0.7896316051483154,358076000,0.0,0.0
2016-01-05 00:00:00-05:00,0.804512135523324,0.815733348443731,0.7928030210221539,0.8023166656494141,490272000,0.0,0.0
2016-01-06 00:00:00-05:00,0.7891439356711444,0.7928030522718915,0.7601151572240628,0.7691409587860107,449344000,0.0,0.0
2016-01-07 00:00:00-05:00,0.7498696285158654,0.7549923913443837,0.7288908501201294,0.7386484742164612,645304000,0.0,0.0
2016-01-08 00:00:00-05:00,0.7481621080355895,0.7488939313435063,0.7213287999974779,0.7227924466133118,398472000,0.0,0.0
2016-01-11 00:00:00-05:00,0.7235241738826609,0.7291347797254984,0.7110832374591325,0.724012017250061,409372000,0.0,0.0
2016-01-12 00:00:00-05:00,0.7369407388634525,0.7469422831813821,0.7310862117990986,0.7362089157104492,469356000,0.0,0.0
2016-01-13 00:00:00-05:00,0.7418195445873126,0.746698385148296,0.7130347516834553,0.7137665748596191,481672000,0.0,0.0
2016-01-14 00:00:00-05:00,0.6991302786482902,0.7074242565531597,0.67863940099557,0.699374258518219,600236000,0.0,0.0
2016-01-15 00:00:00-05:00,0.671321279657639,0.6793712783329928,0.6498545971367997,0.6613197326660156,841452000,0.0,0.0
2016-01-19 00:00:00-05:00,0.6749801550119163,0.6940074405920622,0.6640028659218826,0.6666862368583679,457140000,0.0,0.0
2016-01-20 00:00:00-05:00,0.6540013914615183,0.6788832045253158,0.6452195716649032,0.6703453063964844,481180000,0.0,0.0
2016-01-21 00:00:00-05:00,0.6776635853298728,0.6886408172221341,0.6637590024215041,0.6781514286994934,481456000,0.0,0.0
2016-01-22 00:00:00-05:00,0.6910802229896899,0.6986423769735913,0.689616576530891,0.6940075159072876,257996000,0.0,0.0
2016-01-25 00:00:00-05:00,0.6937636512629908,0.7018136492886279,0.691812103104231,0.6932757496833801,270728000,0.0,0.0
2016-01-26 00:00:00-05:00,0.6947393390024932,0.703033258054514,0.6876650865594506,0.7001059651374817,227944000,0.0,0.0
2016-01-27 00:00:00-05:00,0.6991302727086223,0.7013257425612309,0.6786393952299883,0.6918120980262756,231700000,0.0,0.0
2016-01-28 00:00:00-05:00,0.6974226390965839,0.6998620304288408,0.6708332561270811,0.6842499375343323,276776000,0.0,0.0
2016-01-29 00:00:00-05:00,0.6901047168840752,0.7159622860720507,0.6874214028874903,0.7144986391067505,310504000,0.0,0.0
2016-02-01 00:00:00-05:00,0.7137665580692183,0.7184013605296632,0.7076680511312035,0.7147423028945923,289884000,0.0,0.0
2016-02-02 00:00:00-05:00,0.7074242257405534,0.711083283873598,0.6796151163948849,0.684493899345398,341908000,0.0,0.0
2016-02-03 00:00:00-05:00,0.6898605550670243,0.6940075145859401,0.6720529922247914,0.6879090070724487,326772000,0.0,0.0
2016-02-04 00:00:00-05:00,0.6888847339326614,0.7037650616325005,0.6813226383210554,0.6881529688835144,348140000,0.0,0.0
2016-02-05 00:00:00-05:00,0.6835180340514134,0.6910801288454703,0.6427801512429686,0.6447316408157349,600428000,0.0,0.0
2016-02-08 00:00:00-05:00,0.6349742988468884,0.6381455141321782,0.6061894395372386,0.6152152419090271,608852000,0.0,0.0
2016-02-09 00:00:00-05:00,0.6078967366602882,0.647658808882102,0.6049694447039695,0.6218012571334839,425372000,0.0,0.0
2016-02-10 00:00:00-05:00,0.6257044082012104,0.643755890143088,0.6169225888847196,0.620337724685669,335800000,0.0,0.0
2016-02-11 00:00:00-05:00,0.6044817207813106,0.6235090077638704,0.6044817207813106,0.6171665787696838,340144000,0.0,0.0
2016-02-12 00:00:00-05:00,0.6269242788191165,0.6288758271693179,0.6037500274684116,0.627656102180481,340816000,0.0,0.0
2016-02-16 00:00:00-05:00,0.6366818254284186,0.6593682325750833,0.6347303353012387,0.6583924293518066,485352000,0.0,0.0
2016-02-17 00:00:00-05:00,0.6666863823304521,0.6810788104877316,0.6640030108084507,0.6747363805770874,771468000,0.0,0.0
2016-02-18 00:00:00-05:00,0.7301104357058019,0.7557240704846842,0.7293786125841479,0.7327937483787537,1068660000,0.0,0.0
2016-02-19 00:00:00-05:00,0.728890666642487,0.7491376748400741,0.723280061825256,0.7425512671470642,525628000,0.0,0.0
2016-02-22 00:00:00-05:00,0.7532847263009441,0.7774347163380355,0.7518210799666344,0.7688968181610107,449668000,0.0,0.0
2016-02-23 00:00:00-05:00,0.7627984554567782,0.7781666273832052,0.7591393392077814,0.7708484530448914,369380000,0.0,0.0
2016-02-24 00:00:00-05:00,0.7676771765476949,0.7774347415465875,0.7464544203313955,0.7762150168418884,336852000,0.0,0.0
2016-02-25 00:00:00-05:00,0.779142474482157,0.7818257879767742,0.7640182222695138,0.7779227495193481,349616000,0.0,0.0
2016-02-26 00:00:00-05:00,0.7815817898503675,0.7835332798084835,0.7649938925676553,0.7727999687194824,361964000,0.0,0.0
2016-02-29 00:00:00-05:00,0.7739014455986128,0.7839393682565471,0.7672911005925045,0.7677807211875916,323344000,0.002875,0.0
2016-03-01 00:00:00-05:00,0.7697395040577666,0.8018119931221008,0.7685153356275483,0.8018119931221008,348700000,0.0,0.0
2016-03-02 00:00:00-05:00,0.7974052112970331,0.8094017957280273,0.7959362322448176,0.8064638376235962,233812000,0.0,0.0
2016-03-03 00:00:00-05:00,0.8054843995099168,0.8089119777959424,0.7885912600510642,0.7993637323379517,302004000,0.0,0.0
2016-03-04 00:00:00-05:00,0.8054845981964787,0.8062190877777392,0.7907949233144248,0.7969156503677368,175304000,0.0,0.0
2016-03-07 00:00:00-05:00,0.7925087028860546,0.7978949402901816,0.7814914176776607,0.7917742133140564,239968000,0.0,0.0
2016-03-08 00:00:00-05:00,0.7836948027683406,0.7883465501040978,0.7748809872164324,0.7773292660713196,274940000,0.0,0.0
2016-03-09 00:00:00-05:00,0.7841845705185737,0.7854086808985834,0.7668017478241216,0.7768397331237793,222788000,0.0,0.0
2016-03-10 00:00:00-05:00,0.781491191010954,0.7858981271647383,0.7599463643865473,0.7756153345108032,286084000,0.0,0.0
2016-03-11 00:00:00-05:00,0.7871224512552719,0.7890811095357252,0.7778190141307454,0.7888362407684326,277400000,0.0,0.0
2016-03-14 00:00:00-04:00,0.785163742866614,0.793977557981976,0.7814912955803925,0.7907947897911072,190312000,0.0,0.0
2016-03-15 00:00:00-04:00,0.7866328217481106,0.7917741902306275,0.7729224474231555,0.7868776321411133,226216000,0.0,0.0
2016-03-16 00:00:00-04:00,0.7810015939104454,0.8130740828569022,0.7773291470048513,0.8103809356689453,363644000,0.0,0.0
2016-03-17 00:00:00-04:00,0.8074430628431646,0.8113602618414364,0.7925085227688838,0.8035258054733276,353680000,0.0,0.0
2016-03-18 00:00:00-04:00,0.8130739485853383,0.8385360288969009,0.8079325237665648,0.8277636170387268,545512000,0.0,0.0
2016-03-21 00:00:00-04:00,0.8204190602323511,0.8304569862249715,0.8116052445056626,0.8302121758460999,337780000,0.0,0.0
2016-03-22 00:00:00-04:00,0.8275189900431673,0.8346189571749038,0.8184603066226256,0.8287431001663208,242012000,0.0,0.0
2016-03-23 00:00:00-04:00,0.8324157048507775,0.8490639792551202,0.8287432570430092,0.8429433107376099,429008000,0.0,0.0
2016-03-24 00:00:00-04:00,0.8353534770976072,0.8456362710167448,0.832660388031087,0.8441672921180725,244956000,0.0,0.0
2016-03-28 00:00:00-04:00,0.8426984874482496,0.8564088627178789,0.8417191874371862,0.8527364730834961,265388000,0.0,0.0
2016-03-29 00:00:00-04:00,0.849063970912696,0.8684053929765568,0.8471053710155154,0.8664467930793762,261812000,0.0,0.0
2016-03-30 00:00:00-04:00,0.8696295299345019,0.8875019722370363,0.8691398507922999,0.8755053877830505,376700000,0.0,0.0
2016-03-31 00:00:00-04:00,0.8794225252973839,0.881381124854652,0.8654673429300392,0.8723224997520447,379884000,0.0,0.0
2016-04-01 00:00:00-04:00,0.8669362080151756,0.8855431944780753,0.8603258619673365,0.8850535154342651,348292000,0.0,0.0
2016-04-04 00:00:00-04:00,0.8923985346534902,0.8970502822272528,0.8730571131988115,0.8764846920967102,393940000,0.0,0.0
2016-04-05 00:00:00-04:00,0.8686503031788195,0.8833399782231333,0.8652226656378824,0.8752606511116028,339568000,0.0,0.0
2016-04-06 00:00:00-04:00,0.8642432971959468,0.8769743712413708,0.8478398338660814,0.8764846920967102,453376000,0.0,0.0
2016-04-07 00:00:00-04:00,0.8708535567358012,0.8786880720304149,0.8637535892698501,0.8674259781837463,378104000,0.0,0.0
2016-04-08 00:00:00-04:00,0.8745260463795939,0.8801570935756722,0.8644880622275037,0.8730570673942566,255936000,0.0,0.0
2016-04-11 00:00:00-04:00,0.8781983723917023,0.8928881028183622,0.8755052833597392,0.8784432411193848,387524000,0.0,0.0
2016-04-12 00:00:00-04:00,0.8813810760989274,0.8826052445331773,0.8603258693509632,0.8774638772010803,292764000,0.0,0.0
2016-04-13 00:00:00-04:00,0.8813813287235102,0.8997434518993292,0.8813813287235102,0.8994986414909363,350716000,0.0,0.0
2016-04-14 00:00:00-04:00,0.8970502254155975,0.9058640408602688,0.893377777992163,0.9019467830657959,416564000,0.0,0.0
2016-04-15 00:00:00-04:00,0.9017018738672109,0.9171260346119874,0.8987639162504667,0.9090467095375061,436972000,0.0,0.0
2016-04-18 00:00:00-04:00,0.9073330800925669,0.9073330800925669,0.8963157954620927,0.905129611492157,307320000,0.0,0.0
2016-04-19 00:00:00-04:00,0.9085569596154136,0.9102707486343272,0.8833396866103762,0.8889707326889038,309152000,0.0,0.0
2016-04-20 00:00:00-04:00,0.8875018004036829,0.8977845934264248,0.8865225006804607,0.8923983573913574,200172000,0.0,0.0
2016-04-21 00:00:00-04:00,0.8926431631325309,0.8968052890850283,0.8875017958334176,0.8914190530776978,178280000,0.0,0.0
2016-04-22 00:00:00-04:00,0.8943569037354798,0.9004775700214028,0.8850534115955602,0.8879913687705994,223540000,0.0,0.0
2016-04-25 00:00:00-04:00,0.8882362897889904,0.897294914379032,0.8857880112951532,0.8923983573913574,191972000,0.0,0.0
2016-04-26 00:00:00-04:00,0.8977846121758319,0.9080674054133206,0.8892156080826639,0.8931328654289246,214536000,0.0,0.0
2016-04-27 00:00:00-04:00,0.8909296256307979,0.9139434965507102,0.8892158360471204,0.9134538173675537,352396000,0.0,0.0
2016-04-28 00:00:00-04:00,0.9078226235122592,0.9132088601748898,0.8840743251922234,0.8862777352333069,381224000,0.0,0.0
2016-04-29 00:00:00-04:00,0.8826054324200384,0.8845640322859039,0.860326052495045,0.8698743581771851,321904000,0.0,0.0
2016-05-02 00:00:00-04:00,0.8781984452850682,0.8867674505475781,0.8740363770278169,0.8813812136650085,256076000,0.0,0.0
2016-05-03 00:00:00-04:00,0.8713432223692418,0.8750156112264014,0.8632638968376084,0.8708535432815552,224024000,0.0,0.0
2016-05-04 00:00:00-04:00,0.8603259173774179,0.861060406804657,0.8422086671630333,0.851022481918335,525764000,0.0,0.0
2016-05-05 00:00:00-04:00,0.8581226965426946,0.8662020236509248,0.8497985006570533,0.8561640381813049,246884000,0.0,0.0
2016-05-06 00:00:00-04:00,0.8546947464702801,0.8671810065471502,0.852980957512976,0.8649775385856628,183240000,0.0,0.0
2016-05-09 00:00:00-04:00,0.8671811954711851,0.8708535845021721,0.8566535907459467,0.863753616809845,333336000,0.0,0.0
2016-05-10 00:00:00-04:00,0.8691396383635425,0.8818707092334085,0.8608155035816581,0.8804017305374146,269676000,0.0,0.0
2016-05-11 00:00:00-04:00,0.8830948600137256,0.8926431046043748,0.8781982450007606,0.8828499913215637,328176000,0.0,0.0
2016-05-12 00:00:00-04:00,0.8892156626820586,0.8931329202688458,0.855184571305975,0.8708535432815552,670540000,0.0,0.0
2016-05-13 00:00:00-04:00,0.9594817469144885,1.0037956521642617,0.9548300561535912,1.0033060312271118,2110256000,0.0,0.0
2016-05-16 00:00:00-04:00,0.9957158020427193,1.0478642570911927,0.9925330341300396,1.0329296588897705,973032000,0.0,0.0
2016-05-17 00:00:00-04:00,1.028278205818677,1.0424782603103533,1.015057509711764,1.0351334810256958,628392000,0.0,0.0
2016-05-18 00:00:00-04:00,1.0282779201157175,1.0735712190069093,1.0282779201157175,1.0615745782852173,541072000,0.0,0.0
2016-05-19 00:00:00-04:00,1.057412253634408,1.073815827667457,1.0559433918560022,1.0662261247634888,398880000,0.0,0.0
2016-05-20 00:00:00-04:00,1.0728370677192982,1.0897302717611246,1.0711232779461475,1.0853233337402344,391084000,0.0,0.0
2016-05-23 00:00:00-04:00,1.0899748060043792,1.0941368157946278,1.0804265010834893,1.0870368480682373,413636000,0.0,0.0
2016-05-24 00:00:00-04:00,1.0903503758435706,1.1168605394073003,1.087404789109125,1.1134239435195923,415788000,0.002875,0.0
2016-05-25 00:00:00-04:00,1.1168609029549585,1.1215246135819124,1.099923832241877,1.1087605953216553,458076000,0.0,0.0
2016-05-26 00:00:00-04:00,1.1107243357792775,1.1286431919026116,1.1075333017965059,1.1205428838729858,309964000,0.0,0.0
2016-05-27 00:00:00-04:00,1.1217696720362358,1.128397182840949,1.1180876305531873,1.1266789436340332,277416000,0.0,0.0
2016-05-31 00:00:00-04:00,1.1315884833114151,1.1492618886596668,1.1308520280218282,1.1468071937561035,412524000,0.0,0.0
2016-06-01 00:00:00-04:00,1.1414067301373017,1.16006191492805,1.1379702518086445,1.1490161418914795,387132000,0.0,0.0
2016-06-02 00:00:00-04:00,1.1551529679651797,1.166935316454854,1.1438616286934402,1.1571167707443237,329208000,0.0,0.0
2016-06-03 00:00:00-04:00,1.1458254992771602,1.147298175879218,1.1207881243013058,1.140916109085083,461076000,0.0,0.0
2016-06-06 00:00:00-04:00,1.143862149596296,1.1526989149877223,1.1291343243236032,1.1350255012512207,322512000,0.0,0.0
2016-06-07 00:00:00-04:00,1.1418977987298067,1.1482798643401753,1.1367430804398049,1.1372339725494385,193400000,0.0,0.0
2016-06-08 00:00:00-04:00,1.137479325872544,1.1416522596030847,1.1242243036227737,1.1335519552230835,234616000,0.0,0.0
2016-06-09 00:00:00-04:00,1.1296250776044956,1.1647263338737814,1.127170382092513,1.1630080938339233,472168000,0.0,0.0
2016-06-10 00:00:00-04:00,1.1492615630473033,1.1595709978102593,1.1325699467525614,1.134042739868164,400024000,0.0,0.0
2016-06-13 00:00:00-04:00,1.1352705690423328,1.1708628308493751,1.1352705690423328,1.148525595664978,475588000,0.0,0.0
2016-06-14 00:00:00-04:00,1.1458253903306506,1.156134827842648,1.13306125795601,1.1507346630096436,298344000,0.0,0.0
2016-06-15 00:00:00-04:00,1.1603075817467916,1.1725807030114301,1.1475434513582494,1.162516713142395,301036000,0.0,0.0
2016-06-16 00:00:00-04:00,1.153925751431864,1.1691444623525629,1.1426344120241523,1.1671807765960693,246456000,0.0,0.0
2016-06-17 00:00:00-04:00,1.1686535336218946,1.1688989797029918,1.1421433670763694,1.1468071937561035,471000000,0.0,0.0
2016-06-20 00:00:00-04:00,1.165217215650647,1.1823996141683148,1.1644807602591405,1.167426347732544,293768000,0.0,0.0
2016-06-21 00:00:00-04:00,1.172335562577513,1.1755265960064882,1.1585895274041167,1.1603078842163086,212508000,0.0,0.0
2016-06-22 00:00:00-04:00,1.1627621976292806,1.1703716103155122,1.157362033457979,1.1593257188796997,202620000,0.0,0.0
2016-06-23 00:00:00-04:00,1.1703717931719695,1.191481678107759,1.1696353378698376,1.1902543306350708,297880000,0.0,0.0
2016-06-24 00:00:00-04:00,1.141407013416637,1.16251689770772,1.1119513772494927,1.1225062608718872,1017684000,0.0,0.0
2016-06-27 00:00:00-04:00,1.1131783051429847,1.1217696178085161,1.0940321117232452,1.1104782819747925,449088000,0.0,0.0
2016-06-28 00:00:00-04:00,1.1315882152318306,1.1328154453465793,1.1112146737255244,1.1266789436340332,381920000,0.0,0.0
2016-06-29 00:00:00-04:00,1.1364979499397025,1.1539259121797745,1.133552362371477,1.1450891494750977,318932000,0.0,0.0
2016-06-30 00:00:00-04:00,1.1470527006152498,1.1610441813958083,1.1377251638078456,1.1539257764816284,430940000,0.0,0.0
2016-07-01 00:00:00-04:00,1.1475439700520391,1.1625172386041531,1.1414073481228082,1.1453347206115723,218488000,0.0,0.0
2016-07-05 00:00:00-04:00,1.1389524824045025,1.1642353047941403,1.1298703909884766,1.1622716188430786,371084000,0.0,0.0
2016-07-06 00:00:00-04:00,1.154171022000858,1.176508251330588,1.1482798485809746,1.1696351766586304,273104000,0.0,0.0
2016-07-07 00:00:00-04:00,1.1774900889448607,1.2042456995530815,1.1720899244292147,1.2000727653503418,395400000,0.0,0.0
2016-07-08 00:00:00-04:00,1.2128366869371496,1.2540746615126932,1.2081728614169236,1.2481834888458252,481932000,0.0,0.0
2016-07-11 00:00:00-04:00,1.2661025869074702,1.2862305691005078,1.264629793448676,1.2769030332565308,448776000,0.0,0.0
2016-07-12 00:00:00-04:00,1.2911400834721194,1.3078315882235954,1.274939353859298,1.2960493564605713,436760000,0.0,0.0
2016-07-13 00:00:00-04:00,1.2985039205677935,1.305867888494998,1.293594647631757,1.2955583333969116,324604000,0.0,0.0
2016-07-14 00:00:00-04:00,1.3024313841586057,1.3205956819688476,1.291630937088001,1.3088133335113525,316892000,0.0,0.0
2016-07-15 00:00:00-04:00,1.292121805240331,1.2994857728893838,1.2724847142379168,1.2935945987701416,428616000,0.0,0.0
2016-07-18 00:00:00-04:00,1.3095499321758575,1.3115136181183151,1.2953130042619974,1.3002222776412964,252992000,0.0,0.0
2016-07-19 00:00:00-04:00,1.2994859211769616,1.3188775683116192,1.297031225998401,1.313722848892212,382652000,0.0,0.0
2016-07-20 00:00:00-04:00,1.3181411835589785,1.3380238410223473,1.3127410177416627,1.3309053182601929,296460000,0.0,0.0
2016-07-21 00:00:00-04:00,1.3279594711233724,1.3321324055162618,1.3019403145635575,1.3063586950302124,361308000,0.0,0.0
2016-07-22 00:00:00-04:00,1.311022465549693,1.3419508934020996,1.3014493668041518,1.3419508934020996,315768000,0.0,0.0
2016-07-25 00:00:00-04:00,1.3500512270250207,1.3699337631227653,1.3441600531977087,1.366742730140686,312528000,0.0,0.0
2016-07-26 00:00:00-04:00,1.3787707533836167,1.3971804990891488,1.3768070674630533,1.3900620937347412,514508000,0.0,0.0
2016-07-27 00:00:00-04:00,1.4020896576146036,1.4045443525990557,1.367724747156367,1.376070499420166,446676000,0.0,0.0
2016-07-28 00:00:00-04:00,1.379261368606376,1.3893253593436408,1.3748429883877162,1.3790159225463867,221916000,0.0,0.0
2016-07-29 00:00:00-04:00,1.3841707330127277,1.4052806171776169,1.3593789236105296,1.4015986919403076,409588000,0.0,0.0
2016-08-01 00:00:00-04:00,1.4074898750117675,1.4126445937864207,1.3834344036837591,1.3925164937973022,301120000,0.0,0.0
2016-08-02 00:00:00-04:00,1.39914430107859,1.3998807565138385,1.362324806613089,1.375579833984375,282748000,0.0,0.0
2016-08-03 00:00:00-04:00,1.3738613287345385,1.3819616346801706,1.3662519149534005,1.3792614936828613,299828000,0.0,0.0
2016-08-04 00:00:00-04:00,1.3858891695043463,1.4111719916977234,1.3831891452349623,1.404789924621582,272712000,0.0,0.0
2016-08-05 00:00:00-04:00,1.4209904203957822,1.4293361727145442,1.414117461668131,1.4285998344421387,371588000,0.0,0.0
2016-08-08 00:00:00-04:00,1.4482367812543206,1.451673260274062,1.4266358887783919,1.44185471534729,305064000,0.0,0.0
2016-08-09 00:00:00-04:00,1.4489730924199835,1.4595280923948006,1.4418546884470804,1.4455366134643555,372344000,0.0,0.0
2016-08-10 00:00:00-04:00,1.4583009897155492,1.4605101216873075,1.431545374720094,1.4362092018127441,375740000,0.0,0.0
2016-08-11 00:00:00-04:00,1.4438183978568984,1.4715557930684326,1.440872810975865,1.4654191732406616,681064000,0.0,0.0
2016-08-12 00:00:00-04:00,1.5194213280087903,1.5557499217254873,1.4882474529489678,1.547404170036316,1425744000,0.0,0.0
2016-08-15 00:00:00-04:00,1.5491224916745914,1.5586955912787488,1.5250670196215521,1.5459314584732056,573304000,0.0,0.0
2016-08-16 00:00:00-04:00,1.5437220927738808,1.5461766703012076,1.5319398631408971,1.5366036891937256,287652000,0.0,0.0
2016-08-17 00:00:00-04:00,1.5366039859443819,1.5400404653740638,1.4889839320272409,1.501011610031128,595212000,0.0,0.0
2016-08-18 00:00:00-04:00,1.498802468693833,1.5267853131925158,1.4929112942535623,1.524330735206604,331684000,0.0,0.0
2016-08-19 00:00:00-04:00,1.52359402070147,1.5397946306100443,1.516966509106715,1.5282578468322754,291560000,0.0,0.0
2016-08-22 00:00:00-04:00,1.5329221914112485,1.536849680713741,1.5147578898953935,1.5346404314041138,244748000,0.0,0.0
2016-08-23 00:00:00-04:00,1.5502556147528455,1.5571412379533252,1.5426321792026143,1.5470587015151978,339764000,0.002875,0.0
2016-08-24 00:00:00-04:00,1.5524690581317857,1.5532067532782896,1.5160734005452763,1.5232049226760864,298448000,0.0,0.0
2016-08-25 00:00:00-04:00,1.5236970110709835,1.5244347063019077,1.49418709111805,1.51312255859375,406032000,0.0,0.0
2016-08-26 00:00:00-04:00,1.5170570314823575,1.5340251915786396,1.5050070732945242,1.5254181623458862,300024000,0.0,0.0
2016-08-29 00:00:00-04:00,1.5315668048875768,1.5377146187712283,1.5219760604431964,1.5244351625442505,274652000,0.0,0.0
2016-08-30 00:00:00-04:00,1.5224673513364737,1.5305825849178705,1.5114011024051153,1.515581727027893,285544000,0.0,0.0
2016-08-31 00:00:00-04:00,1.5185328062365124,1.5227133137730984,1.5040237445407163,1.5084501504898071,388544000,0.0,0.0
2016-09-01 00:00:00-04:00,1.509679590820187,1.5586168872906259,1.508449981633305,1.5529608726501465,428492000,0.0,0.0
2016-09-02 00:00:00-04:00,1.5561575493078679,1.557878955002684,1.5202538108023123,1.5377137660980225,323148000,0.0,0.0
2016-09-06 00:00:00-04:00,1.5431240226288072,1.5522228479385376,1.5352546890758176,1.5522228479385376,306812000,0.0,0.0
2016-09-07 00:00:00-04:00,1.5473048963661955,1.5549283333771995,1.520500093515824,1.5293530225753784,397988000,0.0,0.0
2016-09-08 00:00:00-04:00,1.5278771096316317,1.5428780812653724,1.5104171545529612,1.5404188632965088,315808000,0.0,0.0
2016-09-09 00:00:00-04:00,1.5234509054161292,1.532057934916034,1.4509056074541256,1.4636932611465454,697760000,0.0,0.0
2016-09-12 00:00:00-04:00,1.4442658416421794,1.4968918451940272,1.4095915917162056,1.493940830230713,598260000,0.0,0.0
2016-09-13 00:00:00-04:00,1.4902519211331882,1.507466094612235,1.463938922871387,1.4723000526428223,471768000,0.0,0.0
2016-09-14 00:00:00-04:00,1.4757432971994364,1.49025235870659,1.4634475559000506,1.485334038734436,319048000,0.0,0.0
2016-09-15 00:00:00-04:00,1.4877934740366499,1.5433705095425359,1.484350544018909,1.5416491031646729,515212000,0.0,0.0
2016-09-16 00:00:00-04:00,1.5470588445426399,1.5554199759536438,1.5276314649580771,1.545337438583374,902444000,0.0,0.0
2016-09-19 00:00:00-04:00,1.5615679478972309,1.604849230987265,1.5544364254772662,1.5657485723495483,417128000,0.0,0.0
2016-09-20 00:00:00-04:00,1.5837005757552276,1.5837005757552276,1.5428785077364853,1.551485538482666,331112000,0.0,0.0
2016-09-21 00:00:00-04:00,1.556157670158801,1.5979634413000507,1.5559117717921547,1.5950124263763428,336212000,0.0,0.0
2016-09-22 00:00:00-04:00,1.6043575205720877,1.6092758404655927,1.5898484592969484,1.598947286605835,308732000,0.0,0.0
2016-09-23 00:00:00-04:00,1.600914254448256,1.6055865573496007,1.5900939068457571,1.5972254276275635,276132000,0.0,0.0
2016-09-26 00:00:00-04:00,1.5790278134806177,1.5886185530695875,1.5623055524207605,1.582224726676941,230040000,0.0,0.0
2016-09-27 00:00:00-04:00,1.5760769882312917,1.6387856506419927,1.5753392930643133,1.6363264322280884,402752000,0.0,0.0
2016-09-28 00:00:00-04:00,1.6387857910980872,1.6434582126753758,1.621325714101271,1.642228603363037,319788000,0.0,0.0
2016-09-29 00:00:00-04:00,1.6395233606372972,1.6626395683415118,1.6242766050239543,1.657475233078003,336684000,0.0,0.0
2016-09-30 00:00:00-04:00,1.6665741571185435,1.7014943080158884,1.6567375180160213,1.6850179433822632,429932000,0.0,0.0
2016-10-03 00:00:00-04:00,1.6850179652960786,1.709363664980737,1.6803455440723172,1.6832964420318604,242596000,0.0,0.0
2016-10-04 00:00:00-04:00,1.6857555582376869,1.7140358649946676,1.6670658744760787,1.679607629776001,281624000,0.0,0.0
2016-10-05 00:00:00-04:00,1.6938709353017494,1.7110851130088254,1.672722148710652,1.6778863668441772,305440000,0.0,0.0
2016-10-06 00:00:00-04:00,1.6577211856362206,1.668049621246147,1.629440761006875,1.655999779701233,360212000,0.0,0.0
2016-10-07 00:00:00-04:00,1.6670659564956496,1.671492479277286,1.639277445124576,1.6439498662948608,286260000,0.0,0.0
2016-10-10 00:00:00-04:00,1.6525567094368314,1.6614097539995403,1.634604839212531,1.6500976085662842,287876000,0.0,0.0
2016-10-11 00:00:00-04:00,1.6446878564310923,1.6471469578452707,1.6137023108736406,1.626244068145752,388540000,0.0,0.0
2016-10-12 00:00:00-04:00,1.6196038359642364,1.6422281247650337,1.606078489256225,1.633621096611023,419920000,0.0,0.0
2016-10-13 00:00:00-04:00,1.6144401169383877,1.6181288276759347,1.5664864083022774,1.607062578201294,390116000,0.0,0.0
2016-10-14 00:00:00-04:00,1.6267360326458455,1.6378022833052615,1.6132106803187884,1.622801423072815,330636000,0.0,0.0
2016-10-17 00:00:00-04:00,1.6225551932516493,1.637801948810756,1.6112430464619931,1.6134562492370605,195328000,0.0,0.0
2016-10-18 00:00:00-04:00,1.6358342544938247,1.6473922969187436,1.6291945304893385,1.638047456741333,269372000,0.0,0.0
2016-10-19 00:00:00-04:00,1.626981730869045,1.6422284865668948,1.6186204819493963,1.634605050086975,199060000,0.0,0.0
2016-10-20 00:00:00-04:00,1.6537866990118897,1.6710008781143144,1.6304247076876006,1.6655906438827515,312084000,0.0,0.0
2016-10-21 00:00:00-04:00,1.6596882691432582,1.6638687756026196,1.6451792111861268,1.66091787815094,279508000,0.0,0.0
2016-10-24 00:00:00-04:00,1.672230099149849,1.7408406666858418,1.6719840835275412,1.7388733625411987,339836000,0.0,0.0
2016-10-25 00:00:00-04:00,1.7359222145883235,1.7779738797923132,1.7275610846682143,1.7673994302749634,397460000,0.0,0.0
2016-10-26 00:00:00-04:00,1.752644648992579,1.7939586232870188,1.7509232431688089,1.7745312452316284,333792000,0.0,0.0
2016-10-27 00:00:00-04:00,1.7880568245314725,1.7914996366239375,1.7310042920840698,1.738135814666748,388664000,0.0,0.0
2016-10-28 00:00:00-04:00,1.7464970549867505,1.7730559580020275,1.731987994234555,1.735184907913208,290856000,0.0,0.0
2016-10-31 00:00:00-04:00,1.7408412111864868,1.7614982043212726,1.7398575001754928,1.7499401569366455,252388000,0.0,0.0
2016-11-01 00:00:00-04:00,1.7563335905967719,1.7659243310657922,1.6793617684626327,1.6980514526367188,473224000,0.0,0.0
2016-11-02 00:00:00-04:00,1.7110850685760794,1.7342011590089186,1.6879688608812515,1.6909198760986328,295848000,0.0,0.0
2016-11-03 00:00:00-04:00,1.698789261920494,1.7002647695734783,1.638785713993112,1.6712466478347778,309664000,0.0,0.0
2016-11-04 00:00:00-04:00,1.6601806334198608,1.6901824702496142,1.6373104374632335,1.661656141281128,328780000,0.0,0.0
2016-11-07 00:00:00-05:00,1.7103473227755293,1.7637111453725876,1.7091177135100502,1.7526448965072632,487580000,0.0,0.0
2016-11-08 00:00:00-05:00,1.7592848838620387,1.764941016966735,1.733709687458316,1.7499401569366455,429884000,0.0,0.0
2016-11-09 00:00:00-05:00,1.7024776698981443,1.7435457439615758,1.6899360329693691,1.720429539680481,456532000,0.0,0.0
2016-11-10 00:00:00-05:00,1.758055128633395,1.758301027033849,1.641736742355067,1.666574239730835,869280000,0.0,0.0
2016-11-11 00:00:00-05:00,1.9552793624621185,2.1829976293300546,1.9304417553101256,2.1633243560791016,2175344000,0.0,0.0
2016-11-14 00:00:00-05:00,2.1662766736515557,2.1687358929182574,2.056352199099445,2.0568439960479736,1348796000,0.0,0.0
2016-11-15 00:00:00-05:00,2.072828152667611,2.1505376878819322,2.063975105301365,2.1195523738861084,626092000,0.0,0.0
2016-11-16 00:00:00-05:00,2.147831975058058,2.2762000639128854,2.1234862787727686,2.2533299922943115,987984000,0.0,0.0
2016-11-17 00:00:00-05:00,2.2700524415844194,2.3310396951683643,2.229230262102111,2.272019863128662,832988000,0.0,0.0
2016-11-18 00:00:00-05:00,2.2720199776335623,2.3197275486151656,2.257510917269946,2.2958738803863525,576060000,0.0,0.0
2016-11-21 00:00:00-05:00,2.31382626175644,2.3202200903490993,2.2722662586421385,2.286529541015625,436436000,0.0,0.0
2016-11-22 00:00:00-05:00,2.2943977137436864,2.3052179439174303,2.2717734255448248,2.303004741668701,330368000,0.0,0.0
2016-11-23 00:00:00-05:00,2.308177142131471,2.345858622152893,2.2847802951754157,2.3143343925476074,443236000,0.0035,0.0
2016-11-25 00:00:00-05:00,2.325417233576631,2.3421645321145275,2.300542317426498,2.319013833999634,195564000,0.0,0.0
2016-11-28 00:00:00-05:00,2.3118720111000446,2.3332987306305584,2.3052222261336106,2.3177828788757324,278736000,0.0,0.0
2016-11-29 00:00:00-05:00,2.3150728133024105,2.3259094788612065,2.278869171418653,2.2966015338897705,444568000,0.0,0.0
2016-11-30 00:00:00-05:00,2.3052228109510846,2.319014917551689,2.268280230293694,2.2707431316375732,440500000,0.0,0.0
2016-12-01 00:00:00-05:00,2.268279407189497,2.2700033905295802,2.0877529849704084,2.1584365367889404,1035524000,0.0,0.0
2016-12-02 00:00:00-05:00,2.124203097042424,2.1870056515747796,2.0963729785849656,2.1783857345581055,478292000,0.0,0.0
2016-12-05 00:00:00-05:00,2.2163132295844283,2.2808397634485624,2.1919310794721283,2.2628610134124756,602284000,0.0,0.0
2016-12-06 00:00:00-05:00,2.270988452609533,2.3084237877830636,2.255226218582526,2.3000500202178955,498796000,0.0,0.0
2016-12-07 00:00:00-05:00,2.2865041114260127,2.3470899009230872,2.268278980349616,2.3414254188537598,480804000,0.0,0.0
2016-12-08 00:00:00-05:00,2.344380622595603,2.3795991964358048,2.2916758363600778,2.3022658824920654,381544000,0.0,0.0
2016-12-09 00:00:00-05:00,2.3199984696664813,2.3217224525067577,2.234045241826212,2.261382818222046,382312000,0.0,0.0
2016-12-12 00:00:00-05:00,2.212865545746098,2.215328446445904,2.155973854881347,2.2064621448516846,601332000,0.0,0.0
2016-12-13 00:00:00-05:00,2.218775778847248,2.272958404369637,2.2177907127991356,2.2453744411468506,387796000,0.0,0.0
2016-12-14 00:00:00-05:00,2.2791153361871914,2.391667466135565,2.255225723830536,2.375412702560425,983980000,0.0,0.0
2016-12-15 00:00:00-05:00,2.3864957752574605,2.4613664446421093,2.379107308890595,2.4310734272003174,746548000,0.0,0.0
2016-12-16 00:00:00-05:00,2.4586570034490447,2.480083718959158,2.4069372724289138,2.4729416370391846,1089528000,0.0,0.0
2016-12-19 00:00:00-05:00,2.455455489584722,2.5231836044160665,2.438215422179845,2.502988338470459,744656000,0.0,0.0
2016-12-20 00:00:00-05:00,2.5756426972971678,2.613816719416157,2.564313494773868,2.5901734828948975,848056000,0.0,0.0
2016-12-21 00:00:00-05:00,2.601748253096685,2.6093831027891796,2.5542154066523817,2.6064276695251465,576136000,0.0,0.0
2016-12-22 00:00:00-05:00,2.6308100105772274,2.681298293985237,2.623667693426183,2.6379523277282715,718612000,0.0,0.0
2016-12-23 00:00:00-05:00,2.619973576243985,2.705188151921194,2.6172645265100734,2.7037103176116943,647692000,0.0,0.0
2016-12-27 00:00:00-05:00,2.7598629919064943,2.8903936545805182,2.7391749581878093,2.889408588409424,1194272000,0.0,0.0
2016-12-28 00:00:00-05:00,2.9455622403311885,2.9536896258786833,2.6768659840299476,2.6906578540802,2295764000,0.0,0.0
2016-12-29 00:00:00-05:00,2.5835234057477128,2.745824929722262,2.53180367022833,2.744347095489502,2175368000,0.0,0.0
2016-12-30 00:00:00-05:00,2.7423762066938897,2.756414453657924,2.6180025857012,2.6288390159606934,1212932000,0.0,0.0
2017-01-03 00:00:00-05:00,2.5712085491106675,2.6197266908003494,2.447573839262562,2.5123467445373535,1501996000,0.0,0.0
2017-01-04 00:00:00-05:00,2.5465800472364277,2.5982997666921497,2.500524809205012,2.5709621906280518,1199220000,0.0,0.0
2017-01-05 00:00:00-05:00,2.5744104175245286,2.6061810283839777,2.4887033310751074,2.505697011947632,984296000,0.0,0.0
2017-01-06 00:00:00-05:00,2.533033997584216,2.5675138842707708,2.492397097324176,2.539191246032715,822856000,0.0,0.0
2017-01-09 00:00:00-05:00,2.5490438560726627,2.659871798755142,2.5490438560726627,2.642139196395874,916248000,0.0,0.0
2017-01-10 00:00:00-05:00,2.6551927881949564,2.6891799289421194,2.601502674628589,2.6221907138824463,880920000,0.0,0.0
2017-01-11 00:00:00-05:00,2.6106147541083393,2.615540320011317,2.565052036411472,2.5899267196655273,525664000,0.0,0.0
2017-01-12 00:00:00-05:00,2.567022041709703,2.5785973900557813,2.502741665920763,2.547565460205078,625616000,0.0,0.0
2017-01-13 00:00:00-05:00,2.5515062994289135,2.585986199983735,2.5382069662560083,2.5473196506500244,457820000,0.0,0.0
2017-01-17 00:00:00-05:00,2.5367297128013617,2.5416552793377973,2.476882587926542,2.4901819229125977,580612000,0.0,0.0
2017-01-18 00:00:00-05:00,2.4687550864557566,2.5423940759915933,2.4409249674501563,2.5354981422424316,654424000,0.0,0.0
2017-01-19 00:00:00-05:00,2.5384533698601084,2.621943720097765,2.5362368534600126,2.5899267196655273,644872000,0.0,0.0
2017-01-20 00:00:00-05:00,2.612585081913785,2.6303176841909814,2.5396850099967576,2.5616042613983154,492024000,0.0,0.0
2017-01-23 00:00:00-05:00,2.5564311567722275,2.6081508710808428,2.5539682573110984,2.5882017612457275,369904000,0.0,0.0
2017-01-24 00:00:00-05:00,2.598300441017653,2.649527640801907,2.583523273820232,2.6433703899383545,428052000,0.0,0.0
2017-01-25 00:00:00-05:00,2.685731021265299,2.6918882715141215,2.6187418296586897,2.6546993255615234,522760000,0.0,0.0
2017-01-26 00:00:00-05:00,2.657407837313661,2.7078961047678916,2.627853746721553,2.700507640838623,458800000,0.0,0.0
2017-01-27 00:00:00-05:00,2.707403794623506,2.755675550358896,2.680805134389223,2.7527201175689697,471996000,0.0,0.0
2017-01-30 00:00:00-05:00,2.731786586345794,2.7340031027447314,2.6576550697251435,2.709620952606201,496004000,0.0,0.0
2017-01-31 00:00:00-05:00,2.683268651127189,2.710359850576059,2.6647971332244382,2.6889331340789795,362756000,0.0,0.0
2017-02-01 00:00:00-05:00,2.7234122771971325,2.8105969606287755,2.7056799146581,2.806410312652588,590004000,0.0,0.0
2017-02-02 00:00:00-05:00,2.790401970156991,2.850495465194987,2.759862807022983,2.8418753147125244,483240000,0.0,0.0
2017-02-03 00:00:00-05:00,2.843352901557932,2.8544357163396703,2.8051788922403142,2.817000389099121,372744000,0.0,0.0
2017-02-06 00:00:00-05:00,2.8076409258335957,2.8896536428232764,2.8076409258335957,2.8891611099243164,506768000,0.0,0.0
2017-02-07 00:00:00-05:00,2.923395665358678,2.9780708297080065,2.9036929330548786,2.933985948562622,746224000,0.0,0.0
2017-02-08 00:00:00-05:00,2.9160073447144437,2.9384191274919758,2.8662577435254115,2.9211792945861816,449580000,0.0,0.0
2017-02-09 00:00:00-05:00,2.9273364765557246,2.932262277593736,2.8470479395621764,2.866257905960083,842568000,0.0,0.0
2017-02-10 00:00:00-05:00,2.9536881773678916,2.972651989386994,2.7731618000982117,2.7982828617095947,1651092000,0.0,0.0
2017-02-13 00:00:00-05:00,2.792619311915203,2.8071500981991258,2.6647976694240123,2.6692309379577637,1180724000,0.0,0.0
2017-02-14 00:00:00-05:00,2.6596246215624206,2.712822177899903,2.6177562636104885,2.6790812015533447,850632000,0.0,0.0
2017-02-15 00:00:00-05:00,2.6820368370208874,2.70420223272141,2.653960340308454,2.684499502182007,373020000,0.0,0.0
2017-02-16 00:00:00-05:00,2.694105867402599,2.695337317945907,2.602241723773387,2.6414010524749756,647176000,0.0,0.0
2017-02-17 00:00:00-05:00,2.6278545767806665,2.6453407936741575,2.580814259959829,2.6409075260162354,563740000,0.0,0.0
2017-02-21 00:00:00-05:00,2.6655356891111923,2.739421046084873,2.6652893051574984,2.735480546951294,551952000,0.0,0.0
2017-02-22 00:00:00-05:00,2.747563472346368,2.756934115279576,2.712300213903721,2.731288194656372,433772000,0.0035,0.0
2017-02-23 00:00:00-05:00,2.601579261128446,2.6235261706123065,2.4580609173372574,2.4780349731445312,1592888000,0.0,0.0
2017-02-24 00:00:00-05:00,2.393700157032575,2.5152716288946304,2.3599165853960784,2.501955509185791,1029904000,0.0,0.0
2017-02-27 00:00:00-05:00,2.5202033553074137,2.5897431096455534,2.5044212283607377,2.5747008323669434,715400000,0.0,0.0
2017-02-28 00:00:00-05:00,2.5843168968129877,2.5941809279580923,2.4851857825534367,2.5024473667144775,625360000,0.0,0.0
2017-03-01 00:00:00-05:00,2.559411750144506,2.5737144123118973,2.4933243168688968,2.534752368927002,504804000,0.0,0.0
2017-03-02 00:00:00-05:00,2.521928819113255,2.535984783073522,2.4385795796942604,2.4412920475006104,754332000,0.0,0.0
2017-03-03 00:00:00-05:00,2.430689113373893,2.4356208953696377,2.372739087516119,2.427236795425415,864692000,0.0,0.0
2017-03-06 00:00:00-05:00,2.3909869054068267,2.4190988351286746,2.346846392355393,2.4084951877593994,883568000,0.0,0.0
2017-03-07 00:00:00-05:00,2.408495433412855,2.4543621098882653,2.395672471372718,2.4348809719085693,603400000,0.0,0.0
2017-03-08 00:00:00-05:00,2.48321315794395,2.4980089708525566,2.4282225432408535,2.4304418563842773,638712000,0.0,0.0
2017-03-09 00:00:00-05:00,2.4144145633877714,2.4523900723091074,2.4018380569096,2.429949998855591,478060000,0.0,0.0
2017-03-10 00:00:00-05:00,2.4563356033498915,2.4681720239657428,2.42600434927329,2.4442522525787354,499740000,0.0,0.0
2017-03-13 00:00:00-04:00,2.4546081806282056,2.521435442092276,2.4538683312293865,2.5115716457366943,774136000,0.0,0.0
2017-03-14 00:00:00-04:00,2.524395811535784,2.533766222658237,2.4775425800656814,2.5098466873168945,522016000,0.0,0.0
2017-03-15 00:00:00-04:00,2.521436313507445,2.539684213727494,2.473843238592727,2.528834104537964,615036000,0.0,0.0
2017-03-16 00:00:00-04:00,2.5394368914502734,2.560397488227198,2.5253809286462476,2.559904098510742,523100000,0.0,0.0
2017-03-17 00:00:00-04:00,2.577413439272623,2.616868876342989,2.559905152275003,2.615635871887207,1119688000,0.0,0.0
2017-03-20 00:00:00-04:00,2.6331443503025764,2.70293080840644,2.6171155263837393,2.6989850997924805,748568000,0.0,0.0
2017-03-21 00:00:00-04:00,2.681722944386495,2.711561036685145,2.603798860753733,2.611689805984497,913484000,0.0,0.0
2017-03-22 00:00:00-04:00,2.600593617131426,2.669640462489233,2.5966481435836712,2.6649551391601562,616764000,0.0,0.0
2017-03-23 00:00:00-04:00,2.6570631189162954,2.677037410511513,2.631170736451664,2.6407878398895264,533940000,0.0,0.0
2017-03-24 00:00:00-04:00,2.6871483078738088,2.695039253667389,2.624266495782611,2.6501588821411133,439500000,0.0,0.0
2017-03-27 00:00:00-04:00,2.6035513959446965,2.673337818784502,2.5542324149074838,2.6693923473358154,506644000,0.0,0.0
2017-03-28 00:00:00-04:00,2.6706256549418184,2.6851747736400724,2.64522642973302,2.655583381652832,432444000,0.0,0.0
2017-03-29 00:00:00-04:00,2.6629819313932406,2.675311740368802,2.644734030467232,2.6469533443450928,349992000,0.0,0.0
2017-03-30 00:00:00-04:00,2.654103454467202,2.7125466191154524,2.648431824404301,2.6977508068084717,525532000,0.0,0.0
2017-03-31 00:00:00-04:00,2.6881348491383914,2.7098353046995607,2.6730925707416526,2.686161994934082,440808000,0.0,0.0
2017-04-03 00:00:00-04:00,2.686655763340938,2.7039173581669926,2.648926479380061,2.6725997924804688,445232000,0.0,0.0
2017-04-04 00:00:00-04:00,2.549794543430066,2.574947313511972,2.474336468355871,2.4851865768432617,1271280000,0.0,0.0
2017-04-05 00:00:00-04:00,2.4664450375056135,2.5243950572629372,2.453622076426431,2.466691732406616,747048000,0.0,0.0
2017-04-06 00:00:00-04:00,2.4718700899219432,2.496776161351166,2.4267430334137803,2.4846930503845215,635120000,0.0,0.0
2017-04-07 00:00:00-04:00,2.49110475138303,2.5086130349189992,2.4590473473855865,2.4740896224975586,429068000,0.0,0.0
2017-04-10 00:00:00-04:00,2.4748292587007774,2.481487198665772,2.4067689841979654,2.410961151123047,756332000,0.0,0.0
2017-04-11 00:00:00-04:00,2.380876797179773,2.4388268247285505,2.3759450150401173,2.4195923805236816,618148000,0.0,0.0
2017-04-12 00:00:00-04:00,2.419591962350287,2.433894386772111,2.394439195787712,2.3996176719665527,414092000,0.0,0.0
2017-04-13 00:00:00-04:00,2.375452142986563,2.3971523632574967,2.3547379970550537,2.3547379970550537,506892000,0.0,0.0
2017-04-17 00:00:00-04:00,2.367560715653045,2.447210962100981,2.362382238500535,2.4469645023345947,497292000,0.0,0.0
2017-04-18 00:00:00-04:00,2.4326615268359117,2.454608672138221,2.4067691444071238,2.448443651199341,370116000,0.0,0.0
2017-04-19 00:00:00-04:00,2.4659524027750694,2.490118630965412,2.4514032798359517,2.458061456680298,380828000,0.0,0.0
2017-04-20 00:00:00-04:00,2.47261065853597,2.5017089053429133,2.4514033580756482,2.497023582458496,404016000,0.0,0.0
2017-04-21 00:00:00-04:00,2.486665867357869,2.510092476837193,2.4748294503352937,2.5073800086975098,341896000,0.0,0.0
2017-04-24 00:00:00-04:00,2.5389446562099707,2.551767620896464,2.517984285073674,2.538698196411133,371820000,0.0,0.0
2017-04-25 00:00:00-04:00,2.5532468990745496,2.5973874184541805,2.5317931415374484,2.582838296890259,388440000,0.0,0.0
2017-04-26 00:00:00-04:00,2.5964008186099647,2.5988665917734424,2.5631104116022847,2.5650832653045654,327004000,0.0,0.0
2017-04-27 00:00:00-04:00,2.572481876138927,2.613416545774829,2.554480432857186,2.605032444000244,319700000,0.0,0.0
2017-04-28 00:00:00-04:00,2.598127425606541,2.605032061998376,2.566316477009321,2.571988344192505,348248000,0.0,0.0
2017-05-01 00:00:00-04:00,2.5828379049058086,2.6348695969092857,2.575686575088255,2.6296908855438232,307732000,0.0,0.0
2017-05-02 00:00:00-04:00,2.602813229131941,2.604046233739967,2.5290810586701302,2.5517678260803223,629972000,0.0,0.0
2017-05-03 00:00:00-04:00,2.5448619145808387,2.5803716299341946,2.530066337033628,2.5707545280456543,336904000,0.0,0.0
2017-05-04 00:00:00-04:00,2.576920215417591,2.588017020050486,2.5530004469943095,2.560891628265381,209788000,0.0,0.0
2017-05-05 00:00:00-04:00,2.5493017336263506,2.568289484840882,2.5337660656429075,2.561138153076172,228428000,0.0,0.0
2017-05-08 00:00:00-04:00,2.572974669359648,2.5744541335219986,2.522915820041235,2.53425931930542,365240000,0.0,0.0
2017-05-09 00:00:00-04:00,2.5399306555061436,2.587523490505588,2.53154632071479,2.5384509563446045,847672000,0.0,0.0
2017-05-10 00:00:00-04:00,2.8183370577287734,3.004023342964709,2.8116791158644934,2.9909536838531494,2129096000,0.0,0.0
2017-05-11 00:00:00-04:00,2.9603760123522,3.2163419088728897,2.956923693893988,3.11942982673645,1939792000,0.0,0.0
2017-05-12 00:00:00-04:00,3.1226349762744743,3.195873732155107,3.101674375321812,3.1537058353424072,962620000,0.0,0.0
2017-05-15 00:00:00-04:00,3.194887944745189,3.314486549027969,3.190449081887905,3.3120205402374268,1087540000,0.0,0.0
2017-05-16 00:00:00-04:00,3.3630652607934084,3.389204574290333,3.288593733436165,3.373668909072876,1120700000,0.0,0.0
2017-05-17 00:00:00-04:00,3.3068415821389148,3.3255828699479992,3.1453217925844785,3.1495139598846436,1271368000,0.0,0.0
2017-05-18 00:00:00-04:00,3.1934078298338533,3.2903198931811044,3.132992033356929,3.281442403793335,1156032000,0.0,0.0
2017-05-19 00:00:00-04:00,3.3826528269514755,3.4120284329847412,3.337972148795797,3.357226848602295,1018372000,0.0035,0.0
2017-05-22 00:00:00-04:00,3.4009203030465924,3.4431323771610103,3.3900585322442156,3.4288148880004883,836608000,0.0,0.0
2017-05-23 00:00:00-04:00,3.4485637969448995,3.4507854482289955,3.3500686281897134,3.3826534748077393,681248000,0.0,0.0
2017-05-24 00:00:00-04:00,3.4796672546968956,3.482382815425602,3.408573003768243,3.4206690788269043,815996000,0.0,0.0
2017-05-25 00:00:00-04:00,3.4559692658349523,3.4567098947116603,3.3680889176871975,3.4130165576934814,608228000,0.0,0.0
2017-05-26 00:00:00-04:00,3.4048702268931708,3.586308522235257,3.384628176520461,3.5013904571533203,779140000,0.0,0.0
2017-05-30 00:00:00-04:00,3.547305676166224,3.6112410662133083,3.531260207670861,3.5761878490448,989652000,0.0,0.0
2017-05-31 00:00:00-04:00,3.621114783303022,3.6287673198138513,3.5065741612196413,3.5633509159088135,887316000,0.0,0.0
2017-06-01 00:00:00-04:00,3.579149711131973,3.5801372947536505,3.5181766043745957,3.5635979175567627,503340000,0.0,0.0
2017-06-02 00:00:00-04:00,3.5606354532691866,3.586802062633987,3.539899729575302,3.5458242893218994,487456000,0.0,0.0
2017-06-05 00:00:00-04:00,3.5295310902990633,3.666535386020759,3.5179289281088533,3.6536989212036133,817376000,0.0,0.0
2017-06-06 00:00:00-04:00,3.649009662748335,3.695171604852415,3.623830635618127,3.6371607780456543,758728000,0.0,0.0
2017-06-07 00:00:00-04:00,3.661598711978214,3.699861154882429,3.6460469213546793,3.6811001300811768,612612000,0.0,0.0
2017-06-08 00:00:00-04:00,3.7882361281404155,3.949679340883106,3.7470113952204414,3.9481983184814453,1161744000,0.0,0.0
2017-06-09 00:00:00-04:00,4.066688094684225,4.159505407013333,3.5238538133024555,3.6929495334625244,3692928000,0.0,0.0
2017-06-12 00:00:00-04:00,3.60111958766128,3.744789094140168,3.5080553201232703,3.702083110809326,1697532000,0.0,0.0
2017-06-13 00:00:00-04:00,3.8114401354615035,3.8205739301271184,3.595442064919715,3.7373838424682617,1672504000,0.0,0.0
2017-06-14 00:00:00-04:00,3.7403451980396256,3.803046265167638,3.665795013959893,3.7452821731567383,1184640000,0.0,0.0
2017-06-15 00:00:00-04:00,3.627779859226369,3.7916914137282003,3.61642441447288,3.7613284587860107,963824000,0.0,0.0
2017-06-16 00:00:00-04:00,3.7709558430182066,3.818845758774487,3.7087484376513116,3.742814302444458,924960000,0.0,0.0
2017-06-19 00:00:00-04:00,3.78700110182692,3.8887054873988456,3.783298428820315,3.883521556854248,778176000,0.0,0.0
2017-06-20 00:00:00-04:00,3.925733530306192,3.992631187067027,3.8736472714532835,3.8778436183929443,1095444000,0.0,0.0
2017-06-21 00:00:00-04:00,3.9054923275416558,3.9402988258808604,3.8435316330669527,3.936595916748047,682652000,0.0,0.0
2017-06-22 00:00:00-04:00,3.944741158051501,3.9580715334825047,3.8854960390168936,3.9094409942626953,469132000,0.0,0.0
2017-06-23 00:00:00-04:00,3.917094282356891,3.9328930308844106,3.782311363475353,3.7973697185516357,1088588000,0.0,0.0
2017-06-26 00:00:00-04:00,3.830201248202406,3.8657483732100397,3.661599418031923,3.7558979988098145,1063960000,0.0,0.0
2017-06-27 00:00:00-04:00,3.7383713793495867,3.7470112649402902,3.612722253003587,3.6183998584747314,999492000,0.0,0.0
2017-06-28 00:00:00-04:00,3.6860376640913337,3.7507136731305986,3.5979103719949013,3.746023416519165,994948000,0.0,0.0
2017-06-29 00:00:00-04:00,3.717635143781089,3.7205971880749567,3.5566856328545775,3.620867967605591,1064424000,0.0,0.0
2017-06-30 00:00:00-04:00,3.638147351582556,3.6517244458796747,3.5423677690555087,3.5685343742370605,731060000,0.0,0.0
2017-07-03 00:00:00-04:00,3.580630909016783,3.5954420734830213,3.4209156866868424,3.439429759979248,709072000,0.0,0.0
2017-07-05 00:00:00-04:00,3.5028708068828487,3.5601412283464486,3.48386306310445,3.531259298324585,820188000,0.0,0.0
2017-07-06 00:00:00-04:00,3.5021309385011543,3.5887769769726288,3.450044439352088,3.541874408721924,746284000,0.0,0.0
2017-07-07 00:00:00-04:00,3.598650874701492,3.6411099020326403,3.5756932664994516,3.62284255027771,654972000,0.0,0.0
2017-07-10 00:00:00-04:00,3.69640536872978,3.801565470507733,3.670238761792761,3.7941598892211914,958492000,0.0,0.0
2017-07-11 00:00:00-04:00,3.7978636793935237,3.8556277918467403,3.7558983166606157,3.847975254058838,757956000,0.0,0.0
2017-07-12 00:00:00-04:00,3.9077147084194674,4.023736391211265,3.864761990304237,4.011640548706055,1145208000,0.0,0.0
2017-07-13 00:00:00-04:00,4.023734475871321,4.10519656987142,3.9188213370724316,3.9652299880981445,1369132000,0.0,0.0
2017-07-14 00:00:00-04:00,3.9815225859293175,4.073352544127851,3.9746106789056834,4.071871757507324,941948000,0.0,0.0
2017-07-17 00:00:00-04:00,4.1059389701714695,4.13482114759105,3.9928793377711673,4.054593086242676,930792000,0.0,0.0
2017-07-18 00:00:00-04:00,3.9936194320090985,4.111369542128295,3.9817703110216796,4.096805095672607,776640000,0.0,0.0
2017-07-19 00:00:00-04:00,4.105939272235578,4.132352845158858,4.063480462533042,4.075576305389404,687044000,0.0,0.0
2017-07-20 00:00:00-04:00,4.096063862999431,4.135066703759019,4.0461992511293134,4.134819984436035,699596000,0.0,0.0
2017-07-21 00:00:00-04:00,4.114330384125443,4.179253340378105,4.100012661214913,4.149630546569824,648332000,0.0,0.0
2017-07-24 00:00:00-04:00,4.156790525688948,4.166417759155565,4.090880207460141,4.101494789123535,652524000,0.0,0.0
2017-07-25 00:00:00-04:00,4.078537343318045,4.096064304746589,4.0380532405776695,4.081746578216553,496556000,0.0,0.0
2017-07-26 00:00:00-04:00,4.139263622049294,4.194806078720192,4.094089027845174,4.1288957595825195,640404000,0.0,0.0
2017-07-27 00:00:00-04:00,4.153827916551411,4.165430316988271,3.889446256162559,3.992631673812866,782856000,0.0,0.0
2017-07-28 00:00:00-04:00,3.956837293293264,4.082486637971622,3.931905223564299,4.058047771453857,513348000,0.0,0.0
2017-07-31 00:00:00-04:00,4.0716263224253515,4.107667130537605,3.9649851561859597,4.011640548706055,559672000,0.0,0.0
2017-08-01 00:00:00-04:00,4.0022590523034,4.062244811336726,3.9743646997173316,4.060516834259033,431384000,0.0,0.0
2017-08-02 00:00:00-04:00,4.091620431856183,4.095569824252888,3.9810294404958313,4.058047771453857,478444000,0.0,0.0
2017-08-03 00:00:00-04:00,4.057553162991585,4.113342316636795,4.040520118386017,4.109639644622803,442420000,0.0,0.0
2017-08-04 00:00:00-04:00,4.132351249361858,4.1982615610928065,4.109640830559625,4.127661228179932,589096000,0.0,0.0
2017-08-07 00:00:00-04:00,4.156791140122205,4.2550391273812584,4.14716343439404,4.25454568862915,717412000,0.0,0.0
2017-08-08 00:00:00-04:00,4.292559682282989,4.309098820603174,4.164688935446244,4.203938961029053,755336000,0.0,0.0
2017-08-09 00:00:00-04:00,4.1577778840379525,4.251089116018505,4.13901685573808,4.248620510101318,530784000,0.0,0.0
2017-08-10 00:00:00-04:00,4.2498540782430725,4.262197106378586,4.056566918940891,4.066688060760498,1328088000,0.0,0.0
2017-08-11 00:00:00-04:00,3.879078729168,3.9249937191177193,3.774659234988862,3.849949836730957,1497196000,0.0,0.0
2017-08-14 00:00:00-04:00,3.9415324060260604,4.160739454345524,3.929930242040894,4.157036781311035,1279020000,0.0,0.0
2017-08-15 00:00:00-04:00,4.16221994431285,4.188386311717588,4.087669762878557,4.121982574462891,764532000,0.0,0.0
2017-08-16 00:00:00-04:00,4.137040906056771,4.160491948908091,4.044470330978721,4.076807975769043,596632000,0.0,0.0
2017-08-17 00:00:00-04:00,4.06841637205563,4.085448951857538,3.9837450283553673,3.985966444015503,525444000,0.0,0.0
2017-08-18 00:00:00-04:00,4.040274970141902,4.057308021370515,3.9407922234447343,3.9867072105407715,601204000,0.0,0.0
2017-08-21 00:00:00-04:00,4.011145602799101,4.022500811989156,3.8847558670717386,3.9286959171295166,623672000,0.0,0.0
2017-08-22 00:00:00-04:00,3.965262801494588,4.022089310394205,3.9459911475032845,4.016159534454346,450456000,0.0035,0.0
2017-08-23 00:00:00-04:00,3.982805411030953,4.107576706648514,3.9741574475694765,4.096458435058594,579520000,0.0,0.0
2017-08-24 00:00:00-04:00,4.128577847855508,4.133025533734468,4.054950691819155,4.081387042999268,469700000,0.0,0.0
2017-08-25 00:00:00-04:00,4.105599870193688,4.115729923291105,4.040866681987811,4.047290802001953,357200000,0.0,0.0
2017-08-28 00:00:00-04:00,4.066316341792834,4.0791641139134995,4.010724974804082,4.075952053070068,389496000,0.0,0.0
2017-08-29 00:00:00-04:00,4.01714826011654,4.091022816616345,4.008994641404354,4.06928014755249,324096000,0.0,0.0
2017-08-30 00:00:00-04:00,4.08904625263831,4.1046122104593845,4.058656560470116,4.093493938446045,384400000,0.0,0.0
2017-08-31 00:00:00-04:00,4.11375150477488,4.190343744938094,4.106339641333359,4.1863908767700195,612684000,0.0,0.0
2017-09-01 00:00:00-04:00,4.198993266889194,4.247172282198338,4.190345304234766,4.2115936279296875,445432000,0.0,0.0
2017-09-05 00:00:00-04:00,4.160202232634188,4.1651437905558195,4.041113796992022,4.099175453186035,695364000,0.0,0.0
2017-09-06 00:00:00-04:00,4.132036677344954,4.1458726634879195,4.061868057974542,4.096704959869385,397672000,0.0,0.0
2017-09-07 00:00:00-04:00,4.113506442847015,4.148096411344083,4.07545747750024,4.115730285644531,352868000,0.0,0.0
2017-09-08 00:00:00-04:00,4.104117944583119,4.118942150466855,4.020113325820267,4.044326305389404,498856000,0.0,0.0
2017-09-11 00:00:00-04:00,4.090033270326828,4.186144337766429,4.084597369200482,4.175519943237305,567444000,0.0,0.0
2017-09-12 00:00:00-04:00,4.200227518875846,4.200227518875846,4.1253647645678075,4.190591812133789,411488000,0.0,0.0
2017-09-13 00:00:00-04:00,4.165389984676646,4.238276301644992,4.133023869940262,4.20936918258667,580960000,0.0,0.0
2017-09-14 00:00:00-04:00,4.1703326889447245,4.263479132652938,4.145872775993344,4.185404300689697,513712000,0.0,0.0
2017-09-15 00:00:00-04:00,4.270891838038011,4.450019359588623,4.265703342074295,4.450019359588623,1364792000,0.0,0.0
2017-09-18 00:00:00-04:00,4.574294919559019,4.724020902517061,4.567376927780674,4.633839130401611,1684460000,0.0,0.0
2017-09-19 00:00:00-04:00,4.583437796304999,4.690667164518176,4.561448191005017,4.628899097442627,874280000,0.0,0.0
2017-09-20 00:00:00-04:00,4.632605448906374,4.680043189212289,4.551318548425487,4.5915913581848145,724920000,0.0,0.0
2017-09-21 00:00:00-04:00,4.487819520131313,4.514009396863633,4.3882494495057,4.4660773277282715,1075600000,0.0,0.0
2017-09-22 00:00:00-04:00,4.454712292396908,4.504373861354263,4.412709996183134,4.422592639923096,491232000,0.0,0.0
2017-09-25 00:00:00-04:00,4.391709606039134,4.392945231319217,4.204182027776452,4.224936008453369,874580000,0.0,0.0
2017-09-26 00:00:00-04:00,4.359590134337096,4.414687142674751,4.2088759051596085,4.248654365539551,1125620000,0.0,0.0
2017-09-27 00:00:00-04:00,4.3390829740853585,4.35514280247762,4.2681730753790585,4.341800689697266,713720000,0.0,0.0
2017-09-28 00:00:00-04:00,4.348965765107258,4.352919106018207,4.2931274755378945,4.3405656814575195,435244000,0.0,0.0
2017-09-29 00:00:00-04:00,4.424570877068591,4.44063023688505,4.379356507751432,4.416911602020264,619092000,0.0,0.0
2017-10-02 00:00:00-04:00,4.467065714885076,4.496220244359898,4.3731784787175645,4.422592639923096,503480000,0.0,0.0
2017-10-03 00:00:00-04:00,4.428769915380585,4.46163085279054,4.387508894660014,4.431735038757324,390332000,0.0,0.0
2017-10-04 00:00:00-04:00,4.437912218541366,4.491032795861929,4.401345344309282,4.468796253204346,427848000,0.0,0.0
2017-10-05 00:00:00-04:00,4.493255487222981,4.496714483138764,4.436428519852867,4.466324329376221,437364000,0.0,0.0
2017-10-06 00:00:00-04:00,4.438652559345692,4.49276134268464,4.422592732771623,4.479419231414795,318800000,0.0,0.0
2017-10-09 00:00:00-04:00,4.516234096023161,4.613580824367152,4.497456549730889,4.580472946166992,563492000,0.0,0.0
2017-10-10 00:00:00-04:00,4.729703909620547,4.767258996502951,4.6266748284715415,4.667935848236084,974876000,0.0,0.0
2017-10-11 00:00:00-04:00,4.684490084469451,4.719080523249205,4.638534909219996,4.717597961425781,529508000,0.0,0.0
2017-10-12 00:00:00-04:00,4.721056607020154,4.770718183134275,4.692643354200425,4.719821453094482,528292000,0.0,0.0
2017-10-13 00:00:00-04:00,4.782083772895532,4.8179093658965,4.735140379914574,4.807779312133789,628728000,0.0,0.0
2017-10-16 00:00:00-04:00,4.837674053098937,4.893265396899485,4.774423436541297,4.890300273895264,576640000,0.0,0.0
2017-10-17 00:00:00-04:00,4.869547477517253,4.914267499890443,4.851264275822633,4.885854244232178,478596000,0.0,0.0
2017-10-18 00:00:00-04:00,4.894748484790562,4.895489294368424,4.77640085595674,4.881653308868408,567316000,0.0,0.0
2017-10-19 00:00:00-04:00,4.804073336255185,4.892030816616546,4.7549061009619455,4.887089729309082,570772000,0.0,0.0
2017-10-20 00:00:00-04:00,4.904137492423469,4.931315120425789,4.855958006129261,4.8648529052734375,451620000,0.0,0.0
2017-10-23 00:00:00-04:00,4.886594662100638,4.913031478109982,4.8376743705960825,4.857934474945068,428696000,0.0,0.0
2017-10-24 00:00:00-04:00,4.867077176045384,4.910562048639118,4.841134697191034,4.908832550048828,407244000,0.0,0.0
2017-10-25 00:00:00-04:00,4.869299953418468,4.92217358839577,4.723280351533793,4.784801006317139,828160000,0.0,0.0
2017-10-26 00:00:00-04:00,4.812472695893374,4.846568310482112,4.788506661207954,4.834956169128418,322744000,0.0,0.0
2017-10-27 00:00:00-04:00,4.887088232064191,4.987646514570962,4.861145293196509,4.987399578094482,572192000,0.0,0.0
2017-10-30 00:00:00-04:00,4.987401811194309,5.091913009130714,4.971588915815899,5.036322116851807,504056000,0.0,0.0
2017-10-31 00:00:00-04:00,5.068193672421664,5.136385390009889,5.062510832933911,5.109701633453369,411908000,0.0,0.0
2017-11-01 00:00:00-04:00,5.1724586193322635,5.187777170239251,5.055099179160498,5.119338035583496,502576000,0.0,0.0
2017-11-02 00:00:00-04:00,5.089689329974683,5.134409354686632,5.031627190319589,5.088206768035889,342308000,0.0,0.0
2017-11-03 00:00:00-04:00,5.119337483435389,5.156151294708252,5.0733823069239685,5.156151294708252,353640000,0.0,0.0
2017-11-06 00:00:00-05:00,5.11933613887816,5.188022184672182,5.10698271659617,5.179374694824219,389944000,0.0,0.0
2017-11-07 00:00:00-05:00,5.202106807631671,5.260168942857903,5.1900003189786466,5.238673210144043,427700000,0.0,0.0
2017-11-08 00:00:00-05:00,5.234224962541194,5.237931366373717,5.1203250285672075,5.167762756347656,522988000,0.0,0.0
2017-11-09 00:00:00-05:00,5.071651313292662,5.097840718488779,4.950585988063459,5.0728864669799805,978564000,0.0,0.0
2017-11-10 00:00:00-05:00,5.264614512060595,5.402727873924595,5.228788930402446,5.340218544006348,1253256000,0.0,0.0
2017-11-13 00:00:00-05:00,5.340220407310167,5.365668539563284,5.2381795279764605,5.253498077392578,582376000,0.0,0.0
2017-11-14 00:00:00-05:00,5.262637864521341,5.307110937552971,5.218906072207283,5.291792392730713,529292000,0.0,0.0
2017-11-15 00:00:00-05:00,5.236696449755905,5.237932074951522,5.134161707407578,5.188023090362549,501948000,0.0,0.0
2017-11-16 00:00:00-05:00,5.262144478367485,5.292287226571304,5.21940089930486,5.22829532623291,441768000,0.0,0.0
2017-11-17 00:00:00-05:00,5.285370442205148,5.320701692734073,5.207048666277056,5.2221198081970215,515664000,0.0,0.0
2017-11-20 00:00:00-05:00,5.23768484530868,5.30142981823793,5.200871036025854,5.289323329925537,396100000,0.0,0.0
2017-11-21 00:00:00-05:00,5.329102054212627,5.349609098641241,5.297229801803388,5.337996482849121,399176000,0.0,0.0
2017-11-22 00:00:00-05:00,5.365192671284238,5.365192671284238,5.281376817944573,5.3140130043029785,356640000,0.00375,0.0
2017-11-24 00:00:00-05:00,5.330330779915697,5.365192351640797,5.3058534058150375,5.364202976226807,180752000,0.0,0.0
2017-11-27 00:00:00-05:00,5.3728593850297655,5.3740953974879755,5.291268415373265,5.294482707977295,422896000,0.0,0.0
2017-11-28 00:00:00-05:00,5.299672643960498,5.309067938178098,5.148606612255148,5.2096757888793945,512752000,0.0,0.0
2017-11-29 00:00:00-05:00,5.1923695116865956,5.1950891156248735,4.728045358317427,4.856365203857422,1396788000,0.0,0.0
2017-11-30 00:00:00-05:00,4.925098783624236,5.011139560025221,4.862051793076711,4.962432384490967,823768000,0.0,0.0
2017-12-01 00:00:00-05:00,4.927819677676367,4.948093865010779,4.7587047925220345,4.887518882751465,811548000,0.0,0.0
2017-12-04 00:00:00-05:00,4.946115926976438,4.952297404133952,4.561651909752206,4.61505651473999,1240844000,0.0,0.0
2017-12-05 00:00:00-05:00,4.509728670971915,4.764390057264316,4.464730477433526,4.641757011413574,981488000,0.0,0.0
2017-12-06 00:00:00-05:00,4.5913193993863395,4.7010957573699805,4.570056313413401,4.679338455200195,467032000,0.0,0.0
2017-12-07 00:00:00-05:00,4.746095343036842,4.786643718906524,4.700602445849315,4.746837139129639,542600000,0.0,0.0
2017-12-08 00:00:00-05:00,4.796779382504386,4.815817554199501,4.726067790198137,4.734474182128906,466876000,0.0,0.0
2017-12-11 00:00:00-05:00,4.748565582417972,4.815816227760641,4.732742178561023,4.812849044799805,372748000,0.0,0.0
2017-12-12 00:00:00-05:00,4.769336390764794,4.792577289908678,4.6949158089253045,4.7184038162231445,455016000,0.0,0.0
2017-12-13 00:00:00-05:00,4.759445226424145,4.7606812384681305,4.595769597193094,4.603187084197998,554280000,0.0,0.0
2017-12-14 00:00:00-05:00,4.596759744157543,4.681317421189569,4.564123547039313,4.610358238220215,438164000,0.0,0.0
2017-12-15 00:00:00-05:00,4.654366103124421,4.756477849197474,4.5893408437272845,4.736203670501709,670036000,0.0,0.0
2017-12-18 00:00:00-05:00,4.776752270903908,4.895923922423342,4.747083265756866,4.8929572105407715,477704000,0.0,0.0
2017-12-19 00:00:00-05:00,4.883562581172387,4.88875468135982,4.820268003247146,4.848701000213623,373100000,0.0,0.0
2017-12-20 00:00:00-05:00,4.888011837461176,4.8971595520700255,4.810129879766249,4.86575984954834,288820000,0.0,0.0
2017-12-21 00:00:00-05:00,4.86922173990202,4.89419333390785,4.8348548506838664,4.843261241912842,300904000,0.0,0.0
2017-12-22 00:00:00-05:00,4.806422636860949,4.837328131362097,4.72854065867554,4.827932834625244,466276000,0.0,0.0
2017-12-26 00:00:00-05:00,4.77254819639549,4.889247330729417,4.742631617082902,4.881582736968994,355080000,0.0,0.0
2017-12-27 00:00:00-05:00,4.868232274578322,4.944135951826949,4.8536448814501885,4.874907493591309,329488000,0.0,0.0
2017-12-28 00:00:00-05:00,4.89864352450246,4.929549013275047,4.874413726938747,4.880594730377197,240248000,0.0,0.0
2017-12-29 00:00:00-05:00,4.906804190117433,4.906804190117433,4.784171104431152,4.784171104431152,279964000,0.0,0.0
2018-01-02 00:00:00-05:00,4.840541563460769,4.932516715160278,4.808894747076867,4.928807735443115,355616000,0.0,0.0
2018-01-03 00:00:00-05:00,5.0462478797158195,5.283602265101448,5.037594381082103,5.253190994262695,914704000,0.0,0.0
2018-01-04 00:00:00-05:00,5.334534523373914,5.39115340000298,5.258630369473556,5.280882358551025,583268000,0.0,0.0
2018-01-05 00:00:00-05:00,5.2957178923070725,5.3629680828282424,5.218824826340431,5.325634479522705,580124000,0.0,0.0
2018-01-08 00:00:00-05:00,5.449257737660532,5.562989746111286,5.404259056311207,5.488816738128662,881216000,0.0,0.0
2018-01-09 00:00:00-05:00,5.494254667107702,5.533813658357433,5.4057413888179005,5.487331867218018,497000000,0.0,0.0
2018-01-10 00:00:00-05:00,5.394862827042634,5.5338139926221865,5.34046932868376,5.530352592468262,582664000,0.0,0.0
2018-01-11 00:00:00-05:00,5.562987923899448,5.594388100131074,5.518731053147994,5.540241718292236,406032000,0.0,0.0
2018-01-12 00:00:00-05:00,5.528373546429302,5.562740432142748,5.4724964686355095,5.513044357299805,359916000,0.0,0.0
2018-01-16 00:00:00-05:00,5.539499609245316,5.625045690898898,5.357528088354495,5.442085266113281,702348000,0.0,0.0
2018-01-17 00:00:00-05:00,5.456673395069473,5.565955071248375,5.362720910276728,5.556065559387207,538408000,0.0,0.0
2018-01-18 00:00:00-05:00,5.536780833823769,5.603536813986664,5.505628231713251,5.549143314361572,408632000,0.0,0.0
2018-01-19 00:00:00-05:00,5.639385963909379,5.7135589432390725,5.612436564409398,5.689329147338867,609380000,0.0,0.0
2018-01-22 00:00:00-05:00,5.697242838877211,5.779575129327431,5.639635040694586,5.777844429016113,550944000,0.0,0.0
2018-01-23 00:00:00-05:00,5.831246234236906,5.929649468210689,5.812703227613515,5.906903266906738,475228000,0.0,0.0
2018-01-24 00:00:00-05:00,5.910118730740841,5.9459692137338385,5.77438186612525,5.83001184463501,579972000,0.0,0.0
2018-01-25 00:00:00-05:00,5.884405769719931,5.92767374353841,5.828776258722524,5.843610763549805,409884000,0.0,0.0
2018-01-26 00:00:00-05:00,5.8873721800768815,6.01643334543541,5.87451548516107,6.016186237335205,516356000,0.0,0.0
2018-01-29 00:00:00-05:00,6.001598153590899,6.134368283112587,5.948935367891821,6.103215217590332,455116000,0.0,0.0
2018-01-30 00:00:00-05:00,5.961298256702426,6.092584814081034,5.894542284154586,6.001104354858398,570832000,0.0,0.0
2018-01-31 00:00:00-05:00,6.0765144067212935,6.163049882548617,6.043878213239483,6.077256202697754,478576000,0.0,0.0
2018-02-01 00:00:00-05:00,5.897262294327344,6.104453025922704,5.885889190010813,5.946216583251953,519224000,0.0,0.0
2018-02-02 00:00:00-05:00,5.8596814105670205,5.883664102289417,5.715538152114375,5.773640155792236,718464000,0.0,0.0
2018-02-05 00:00:00-05:00,5.612438118360168,5.766470906525507,5.068501214071538,5.283603668212891,1165204000,0.0,0.0
2018-02-06 00:00:00-05:00,5.053665169399304,5.580294439867286,5.043775187586055,5.577327728271484,1114800000,0.0,0.0
2018-02-07 00:00:00-05:00,5.676225259512901,5.809489606525647,5.605018992939692,5.65693998336792,802932000,0.0,0.0
2018-02-08 00:00:00-05:00,5.782541329739098,5.815671738181432,5.377802747598343,5.378050327301025,1144000000,0.0,0.0
2018-02-09 00:00:00-05:00,5.890585776833182,5.906409181825917,5.378049212103226,5.738036155700684,1674604000,0.0,0.0
2018-02-12 00:00:00-05:00,5.8191329652176,5.8221001489184845,5.5637302231040735,5.637903213500977,1093172000,0.0,0.0
2018-02-13 00:00:00-05:00,5.601560259697026,5.797872156043874,5.569171166491905,5.7516374588012695,625524000,0.0,0.0
2018-02-14 00:00:00-05:00,5.711333185392457,5.997888913461992,5.700207192975203,5.968961238861084,744988000,0.0,0.0
2018-02-15 00:00:00-05:00,6.052284410700762,6.140797691895677,5.971435725575326,6.094563007354736,698900000,0.0,0.0
2018-02-16 00:00:00-05:00,6.067365803222385,6.181097775941141,6.0196475322147,6.0287957191467285,637656000,0.0,0.0
2018-02-20 00:00:00-05:00,6.0512946708736575,6.227332304874108,6.047585691623006,6.158351421356201,686240000,0.0,0.0
2018-02-21 00:00:00-05:00,6.2228822831187145,6.229805082592955,5.96747908371449,5.971187591552734,892292000,0.0,0.0
2018-02-22 00:00:00-05:00,6.005081391722171,6.076826441620368,5.925171987967901,5.990732192993164,534364000,0.00375,0.0
2018-02-23 00:00:00-05:00,6.050602078329901,6.084248065948486,5.999885599314181,6.084248065948486,415300000,0.0,0.0
2018-02-26 00:00:00-05:00,6.130512317096563,6.134965386795255,6.037985484544022,6.100329875946045,469312000,0.0,0.0
2018-02-27 00:00:00-05:00,6.073609658319369,6.157972596517644,6.064456258526492,6.087464332580566,455436000,0.0,0.0
2018-02-28 00:00:00-05:00,6.09834958508042,6.137933155797601,5.975393065454423,5.987020969390869,523116000,0.0,0.0
2018-03-01 00:00:00-05:00,5.984794638354639,6.038727410775939,5.643633459552477,5.744819164276123,1040120000,0.0,0.0
2018-03-02 00:00:00-05:00,5.637201878794496,5.858375595638118,5.488515953782069,5.851943016052246,913428000,0.0,0.0
2018-03-05 00:00:00-05:00,5.801719754133855,5.8695067215105645,5.67826824597128,5.829923152923584,620776000,0.0,0.0
2018-03-06 00:00:00-05:00,5.915277014370926,6.010277892299516,5.872229881646982,5.990980625152588,636808000,0.0,0.0
2018-03-07 00:00:00-05:00,5.888062824736832,6.035264702073018,5.886826044333122,5.983063697814941,581208000,0.0,0.0
2018-03-08 00:00:00-05:00,6.01052523015188,6.01052523015188,5.922451454218502,5.96673583984375,411912000,0.0,0.0
2018-03-09 00:00:00-05:00,6.014233634732215,6.082267858987151,5.998153135532195,6.069403648376465,505524000,0.0,0.0
2018-03-12 00:00:00-04:00,6.110720779126332,6.259158958478823,6.102556424450275,6.179002285003662,605060000,0.0,0.0
2018-03-13 00:00:00-04:00,6.221801757076048,6.296268575594882,6.086970057618369,6.1282854080200195,619772000,0.0,0.0
2018-03-14 00:00:00-04:00,6.171332602663355,6.19854648766157,6.091423195064818,6.1537675857543945,505496000,0.0,0.0
2018-03-15 00:00:00-04:00,6.1673761763855035,6.249759166569007,6.126555337979468,6.168612957000732,401952000,0.0,0.0
2018-03-16 00:00:00-04:00,6.1849393704074345,6.215864067259472,6.14733483333571,6.19681453704834,399456000,0.0,0.0
2018-03-19 00:00:00-04:00,6.139913266275061,6.168858454378961,5.8633227674593575,5.962281703948975,713772000,0.0,0.0
2018-03-20 00:00:00-04:00,5.965251496679081,6.21339138220139,5.965251496679081,6.1745500564575195,554696000,0.0,0.0
2018-03-21 00:00:00-04:00,6.168117635268746,6.234420586451851,6.118885653162227,6.14931583404541,438688000,0.0,0.0
2018-03-22 00:00:00-04:00,6.085980927827309,6.132491607710421,5.945953892913916,5.983310699462891,551196000,0.0,0.0
2018-03-23 00:00:00-04:00,5.996916960081295,5.999390992373062,5.752488420884983,5.7636213302612305,735620000,0.0,0.0
2018-03-26 00:00:00-04:00,5.88806087995415,6.04961143285776,5.836107626435376,6.048374652862549,611424000,0.0,0.0
2018-03-27 00:00:00-04:00,6.1292746258852215,6.184939172815241,5.439035659573214,5.579309940338135,1409000000,0.0,0.0
2018-03-28 00:00:00-04:00,5.544921761733006,5.675052653252918,5.368527456682515,5.476145267486572,945904000,0.0,0.0
2018-03-29 00:00:00-04:00,5.544425694552902,5.82621145714616,5.4600632376600755,5.7294793128967285,916628000,0.0,0.0
2018-04-02 00:00:00-04:00,5.658972281964921,5.805184151041122,5.380897271002968,5.468723297119141,922092000,0.0,0.0
2018-04-03 00:00:00-04:00,5.635716849251113,5.6988030223661,5.476145302366815,5.575104236602783,667432000,0.0,0.0
2018-04-04 00:00:00-04:00,5.319294930796115,5.607513321692377,5.294307818154366,5.597122669219971,789168000,0.0,0.0
2018-04-05 00:00:00-04:00,5.655507799693053,5.668619744470227,5.405388971144975,5.476886749267578,701240000,0.0,0.0
2018-04-06 00:00:00-04:00,5.374218773046363,5.482331608570246,5.271301265259405,5.300494194030762,662988000,0.0,0.0
2018-04-09 00:00:00-04:00,5.363578975501228,5.491483558307645,5.309151212339888,5.329190731048584,499524000,0.0,0.0
2018-04-10 00:00:00-04:00,5.5595183379345405,5.665404375504422,5.502369275361285,5.6384382247924805,761676000,0.0,0.0
2018-04-11 00:00:00-04:00,5.623594295607323,5.664909643830483,5.56446619805715,5.597122669219971,460244000,0.0,0.0
2018-04-12 00:00:00-04:00,5.690144779636995,5.821760200441321,5.645860397996157,5.803947448730469,593920000,0.0,0.0
2018-04-13 00:00:00-04:00,5.8675282028303455,5.875939818745922,5.6790114610158815,5.7272539138793945,503036000,0.0,0.0
2018-04-16 00:00:00-04:00,5.733933537209954,5.760405164237007,5.632747832118619,5.727006435394287,350792000,0.0,0.0
2018-04-17 00:00:00-04:00,5.779206446968367,5.897957148019495,5.723541908390231,5.876680850982666,447224000,0.0,0.0
2018-04-18 00:00:00-04:00,5.826212320616114,5.91898640516015,5.758673081517054,5.84773588180542,391364000,0.0,0.0
2018-04-19 00:00:00-04:00,5.733440405362539,5.766839145059865,5.610978831679252,5.666395664215088,471996000,0.0,0.0
2018-04-20 00:00:00-04:00,5.6577348326724195,5.742097304889119,5.627057870331245,5.658229827880859,386200000,0.0,0.0
2018-04-23 00:00:00-04:00,5.676043033305734,5.727254043126844,5.512760663679757,5.5387372970581055,427508000,0.0,0.0
2018-04-24 00:00:00-04:00,5.564465868818391,5.6604557676753755,5.407121105423076,5.472434043884277,414596000,0.0,0.0
2018-04-25 00:00:00-04:00,5.442747189420686,5.48183624419395,5.2027716877615875,5.360116481781006,588492000,0.0,0.0
2018-04-26 00:00:00-04:00,5.52191374336937,5.58005232391341,5.45585854242903,5.571887969970703,375824000,0.0,0.0
2018-04-27 00:00:00-04:00,5.677775350321626,5.697567140288768,5.557045101210614,5.5993499755859375,400848000,0.0,0.0
2018-04-30 00:00:00-04:00,5.615676560571311,5.665403518494784,5.544673776806104,5.563970565795898,327844000,0.0,0.0
2018-05-01 00:00:00-04:00,5.5558074123630865,5.622109874318351,5.497173837181601,5.619388580322266,253788000,0.0,0.0
2018-05-02 00:00:00-04:00,5.61592503452897,5.660456200809058,5.572630176602654,5.5988545417785645,268248000,0.0,0.0
2018-05-03 00:00:00-04:00,5.6307686324193025,5.790340174991743,5.585494738378764,5.764115810394287,443144000,0.0,0.0
2018-05-04 00:00:00-04:00,5.735418730271893,5.917503379917832,5.718100973681678,5.914287090301514,400660000,0.0,0.0
2018-05-07 00:00:00-04:00,6.0189364684679525,6.209432738181536,6.009040337736786,6.152283668518066,687616000,0.0,0.0
2018-05-08 00:00:00-04:00,6.152530321586638,6.197556956961618,6.103545611809531,6.194835662841797,506616000,0.0,0.0
2018-05-09 00:00:00-04:00,6.214875281303451,6.330162466608392,6.187661393866149,6.327935695648193,596760000,0.0,0.0
2018-05-10 00:00:00-04:00,6.380878517899796,6.444706951889222,6.363065767063172,6.435553550720215,994080000,0.0,0.0
2018-05-11 00:00:00-04:00,6.253715086630739,6.4271408178134255,6.19829827837746,6.297009468078613,1214456000,0.0,0.0
2018-05-14 00:00:00-04:00,6.335110905363085,6.394981272504837,6.29379554836295,6.317545413970947,523140000,0.0,0.0
2018-05-15 00:00:00-04:00,6.253962056439454,6.256683821894912,5.974650314039973,6.075093746185303,963528000,0.0,0.0
2018-05-16 00:00:00-04:00,6.036500926829437,6.148324551221689,5.9996386454619755,6.086227893829346,553828000,0.0,0.0
2018-05-17 00:00:00-04:00,6.08795957620981,6.22204901875555,6.07187860144694,6.1282854080200195,519784000,0.0,0.0
2018-05-18 00:00:00-04:00,6.1802391410007225,6.243572577672963,6.0795479564433075,6.084496021270752,483716000,0.0,0.0
2018-05-21 00:00:00-04:00,6.181970523900174,6.185681336348375,5.949663944050659,6.04243803024292,640624000,0.0,0.0
2018-05-22 00:00:00-04:00,6.055797958693602,6.081032333749572,5.943726605047766,6.004339218139648,518264000,0.0,0.0
2018-05-23 00:00:00-04:00,5.948145998225217,6.129105716126052,5.947403282184309,6.127867698669434,442956000,0.00375,0.0
2018-05-24 00:00:00-04:00,6.124152708475605,6.173910418436382,6.070929306165925,6.1315789222717285,437372000,0.0,0.0
2018-05-25 00:00:00-04:00,6.144204512312691,6.187278254687541,6.108557456340994,6.170939922332764,292112000,0.0,0.0
2018-05-29 00:00:00-04:00,6.15286900802552,6.221935919695896,6.107072286984995,6.1538591384887695,352684000,0.0,0.0
2018-05-30 00:00:00-04:00,6.187526509754319,6.271445851929154,6.162771359102023,6.262781620025635,390996000,0.0,0.0
2018-05-31 00:00:00-04:00,6.230845790814476,6.317488555894086,6.220201301160715,6.24297571182251,493868000,0.0,0.0
2018-06-01 00:00:00-04:00,6.287784352212608,6.383586679182776,6.279120120079032,6.377397537231445,421968000,0.0,0.0
2018-06-04 00:00:00-04:00,6.411560539087533,6.578409593038722,6.37937916837086,6.55637788772583,642024000,0.0,0.0
2018-06-05 00:00:00-04:00,6.55959379013189,6.599449724152139,6.514787204322157,6.561821937561035,391712000,0.0,0.0
2018-06-06 00:00:00-04:00,6.471715388653857,6.567022428371488,6.455377052478415,6.5638041496276855,371356000,0.0,0.0
2018-06-07 00:00:00-04:00,6.560090675597517,6.571973187092142,6.417748896600514,6.508105278015137,369448000,0.0,0.0
2018-06-08 00:00:00-04:00,6.435324548866315,6.535334810758755,6.416510653074924,6.492756366729736,360456000,0.0,0.0
2018-06-11 00:00:00-04:00,6.480130797195161,6.5217191085308945,6.438789900427321,6.451662540435791,265372000,0.0,0.0
2018-06-12 00:00:00-04:00,6.478151401852612,6.51231303122899,6.4278983801092044,6.50018310546875,319160000,0.0,0.0
2018-06-13 00:00:00-04:00,6.501667363057547,6.576675051975256,6.4865665761523905,6.495726108551025,338208000,0.0,0.0
2018-06-14 00:00:00-04:00,6.540780931195781,6.664060906405776,6.525927558055138,6.607371807098389,430016000,0.0,0.0
2018-06-15 00:00:00-04:00,6.550187127263487,6.621481709937693,6.519243309454045,6.566525459289551,432260000,0.0,0.0
2018-06-18 00:00:00-04:00,6.522461436543148,6.57989324794771,6.495231198572889,6.562317371368408,356268000,0.0,0.0
2018-06-19 00:00:00-04:00,6.4590886785880235,6.526422741311477,6.31303428933516,6.44052267074585,594932000,0.0,0.0
2018-06-20 00:00:00-04:00,6.481617244426012,6.546475283765639,6.443246732956877,6.493499755859375,369780000,0.0,0.0
2018-06-21 00:00:00-04:00,6.525434624273079,6.5437532232023825,6.357100123773569,6.364774227142334,359516000,0.0,0.0
2018-06-22 00:00:00-04:00,6.385566320458842,6.3989342614048175,6.196933020674174,6.212280750274658,434160000,0.0,0.0
2018-06-25 00:00:00-04:00,6.1058344509513685,6.109547558052897,5.830805778910774,5.919428825378418,665816000,0.0,0.0
2018-06-26 00:00:00-04:00,6.03280715402038,6.081079436066158,5.938985094509165,5.990475654602051,478884000,0.0,0.0
2018-06-27 00:00:00-04:00,6.034045286339777,6.100388753789127,5.82981587239756,5.835262298583984,453892000,0.0,0.0
2018-06-28 00:00:00-04:00,5.825360199139932,5.974385944275852,5.817686097094783,5.962503433227539,338012000,0.0,0.0
2018-06-29 00:00:00-04:00,6.027608782403309,6.040233536043568,5.863234848852696,5.86447286605835,392300000,0.0,0.0
2018-07-02 00:00:00-04:00,5.7949120837276356,6.000379062490616,5.774365338634808,5.996665954589844,357572000,0.0,0.0
2018-07-03 00:00:00-04:00,6.031322957191045,6.037264213200171,5.854571653291494,5.862988471984863,222732000,0.0,0.0
2018-07-05 00:00:00-04:00,5.918190062818469,6.013744482328338,5.879324733933399,6.008793830871582,306216000,0.0,0.0
2018-07-06 00:00:00-04:00,5.984287958421381,6.13108556147234,5.962998497965982,6.122668743133545,296352000,0.0,0.0
2018-07-09 00:00:00-04:00,6.196932891374385,6.206587252875487,6.091476214199907,6.170197010040283,303880000,0.0,0.0
2018-07-10 00:00:00-04:00,6.182575179666857,6.291249668881382,6.142224412929585,6.2692179679870605,360016000,0.0,0.0
2018-07-11 00:00:00-04:00,6.176385891734393,6.211042814725772,6.11697334922751,6.127618312835693,367508000,0.0,0.0
2018-07-12 00:00:00-04:00,6.172921927973253,6.26723836226239,6.163019677394228,6.219213485717773,345508000,0.0,0.0
2018-07-13 00:00:00-04:00,6.237780392373852,6.237780392373852,6.12984812013842,6.171931743621826,246988000,0.0,0.0
2018-07-16 00:00:00-04:00,6.144205093383789,6.197181089306234,6.131827753706514,6.144205093383789,197036000,0.0,0.0
2018-07-17 00:00:00-04:00,6.094943193528777,6.295211626106862,6.069445323921442,6.280110836029053,362136000,0.0,0.0
2018-07-18 00:00:00-04:00,6.272684516576707,6.28654728905316,6.179853046173082,6.23084831237793,277640000,0.0,0.0
2018-07-19 00:00:00-04:00,6.212034181772214,6.2726842812465815,6.19693386467628,6.239017009735107,235752000,0.0,0.0
2018-07-20 00:00:00-04:00,6.236541637862043,6.27540697493704,6.199903976370731,6.210796356201172,222352000,0.0,0.0
2018-07-23 00:00:00-04:00,6.18430775924391,6.186040605492268,6.022409397971963,6.174158096313477,301584000,0.0,0.0
2018-07-24 00:00:00-04:00,6.222181236832431,6.308823997390783,6.1392515823009175,6.156827926635742,354620000,0.0,0.0
2018-07-25 00:00:00-04:00,6.166236427521853,6.247680671333799,6.108309314757565,6.235055446624756,319112000,0.0,0.0
2018-07-26 00:00:00-04:00,6.215005723965802,6.345464526651864,6.198172086372602,6.308579444885254,325124000,0.0,0.0
2018-07-27 00:00:00-04:00,6.3452163544423,6.352147740349501,6.184803403711614,6.23876953125,295420000,0.0,0.0
2018-07-30 00:00:00-04:00,6.252880710588634,6.258821966456084,6.008547920514969,6.043452739715576,340340000,0.0,0.0
2018-07-31 00:00:00-04:00,6.033055652430824,6.136284205729846,5.994190310810802,6.061523914337158,283988000,0.0,0.0
2018-08-01 00:00:00-04:00,6.092962572024045,6.148166244975472,6.037511012313753,6.101378917694092,283556000,0.0,0.0
2018-08-02 00:00:00-04:00,6.030085150743671,6.208074006130072,5.971168362159339,6.204113483428955,269668000,0.0,0.0
2018-08-03 00:00:00-04:00,6.228619910545578,6.264514857624781,6.21178674700975,6.240749835968018,214288000,0.0,0.0
2018-08-06 00:00:00-04:00,6.2281252743189555,6.291993181793711,6.181585832270276,6.288527488708496,207508000,0.0,0.0
2018-08-07 00:00:00-04:00,6.337296001817354,6.379379626338941,6.310560583813271,6.360813140869141,258132000,0.0,0.0
2018-08-08 00:00:00-04:00,6.362050728956833,6.442256977555241,6.327145908609169,6.397202491760254,262100000,0.0,0.0
2018-08-09 00:00:00-04:00,6.415024911114542,6.417747887869633,6.341007348762948,6.348681449890137,204280000,0.0,0.0
2018-08-10 00:00:00-04:00,6.266741966648329,6.339769393836749,6.255602173613988,6.307340145111084,256396000,0.0,0.0
2018-08-13 00:00:00-04:00,6.316006373227852,6.461071143096522,6.314273526478258,6.340266227722168,375208000,0.0,0.0
2018-08-14 00:00:00-04:00,6.44572179995376,6.48582515491678,6.3625446984803915,6.471714496612549,466220000,0.0,0.0
2018-08-15 00:00:00-04:00,6.492509065648676,6.526423752914792,6.334819557087224,6.413540840148926,591136000,0.0,0.0
2018-08-16 00:00:00-04:00,6.4833493044833235,6.485824866745394,6.312786700298864,6.372941493988037,801260000,0.0,0.0
2018-08-17 00:00:00-04:00,6.261544667059298,6.262287383030578,6.033550222652588,6.06053352355957,1143188000,0.0,0.0
2018-08-20 00:00:00-04:00,6.019934547350398,6.267979929615968,5.909526740020794,6.135293006896973,854388000,0.0,0.0
2018-08-21 00:00:00-04:00,6.151630405185076,6.275405662946687,6.131826382829824,6.270949840545654,673988000,0.0,0.0
2018-08-22 00:00:00-04:00,6.2382732204349916,6.511073712773477,6.234807528304516,6.506122589111328,749856000,0.0,0.0
2018-08-23 00:00:00-04:00,6.4675060989606745,6.670992793509114,6.45364332738539,6.605639457702637,720684000,0.0,0.0
2018-08-24 00:00:00-04:00,6.614056093586163,6.753426993603575,6.6096002702973085,6.738821506500244,531512000,0.0,0.0
2018-08-27 00:00:00-04:00,6.768527005772358,6.904184792315083,6.737088357416364,6.829919815063477,505776000,0.0,0.0
2018-08-28 00:00:00-04:00,6.8239786535974325,6.846753542823091,6.672229946779874,6.79229211807251,475384000,0.0,0.0
2018-08-29 00:00:00-04:00,6.784614915465261,6.922823842372359,6.763809382310624,6.897807598114014,420108000,0.00375,0.0
2018-08-30 00:00:00-04:00,6.86659835242483,6.977809683034335,6.844059026394995,6.880964279174805,346608000,0.0,0.0
2018-08-31 00:00:00-04:00,6.860902702989136,6.9649308466473885,6.850995035772361,6.952051162719727,306592000,0.0,0.0
2018-09-04 00:00:00-04:00,6.938922769688465,7.064499557449269,6.91043893789457,7.026851654052734,391720000,0.0,0.0
2018-09-05 00:00:00-04:00,7.009265054856305,7.044684060845709,6.815079160469039,6.8960723876953125,393156000,0.0,0.0
2018-09-06 00:00:00-04:00,6.879725534232668,6.882202450717836,6.721949780757953,6.754891872406006,322796000,0.0,0.0
2018-09-07 00:00:00-04:00,6.662752592718692,6.859167860718644,6.617921491985042,6.733591079711914,295420000,0.0,0.0
2018-09-10 00:00:00-04:00,6.756130294379826,6.8343990569451245,6.7122898664498605,6.804676532745361,220140000,0.0,0.0
2018-09-11 00:00:00-04:00,6.758358902627875,6.8460397547798975,6.737553372779628,6.75687313079834,243112000,0.0,0.0
2018-09-12 00:00:00-04:00,6.716995712563337,6.736563021414469,6.487390806329898,6.642937660217285,419092000,0.0,0.0
2018-09-13 00:00:00-04:00,6.708821745658005,6.811363619269493,6.691483804760345,6.720710754394531,305536000,0.0,0.0
2018-09-14 00:00:00-04:00,6.8111166045746385,6.912915364086201,6.77421135358252,6.84678316116333,386936000,0.0,0.0
2018-09-17 00:00:00-04:00,6.821272194642572,6.870314007910076,6.765542754015063,6.784862041473389,205528000,0.0,0.0
2018-09-18 00:00:00-04:00,6.788824633410302,6.8916140620207935,6.706097612774852,6.712784767150879,299520000,0.0,0.0
2018-09-19 00:00:00-04:00,6.694209494560344,6.754397198920956,6.6441770067028925,6.736563682556152,224860000,0.0,0.0
2018-09-20 00:00:00-04:00,6.614455385189415,6.656809578985063,6.541387987741432,6.595383644104004,430584000,0.0,0.0
2018-09-21 00:00:00-04:00,6.607272496081945,6.652846728087387,6.492098457608087,6.525288105010986,435128000,0.0,0.0
2018-09-24 00:00:00-04:00,6.494325410251126,6.584483175020165,6.407140133867323,6.581015586853027,293912000,0.0,0.0
2018-09-25 00:00:00-04:00,6.647148327870699,6.67315524125078,6.561448816248533,6.648138999938965,280388000,0.0,0.0
2018-09-26 00:00:00-04:00,6.653092794746679,6.693465633945016,6.595382013393871,6.611233711242676,268548000,0.0,0.0
2018-09-27 00:00:00-04:00,6.646405617474192,6.667706721743791,6.5916673210292585,6.6231231689453125,214428000,0.0,0.0
2018-09-28 00:00:00-04:00,6.755139833434281,6.982762928999929,6.727151102587104,6.960471153259277,709396000,0.0,0.0
2018-10-01 00:00:00-04:00,7.038244486286874,7.2339161533698135,6.999605441654747,7.167041301727295,622060000,0.0,0.0
2018-10-02 00:00:00-04:00,7.139546882341438,7.251252813521938,7.073414692112081,7.095706462860107,383964000,0.0,0.0
2018-10-03 00:00:00-04:00,7.166050007923267,7.17348075680581,6.997871501632641,7.10189962387085,320552000,0.0,0.0
2018-10-04 00:00:00-04:00,7.06573722855656,7.090010345926746,6.8405906008794695,6.91762113571167,391220000,0.0,0.0
2018-10-05 00:00:00-04:00,6.892853773600523,6.955022823203768,6.626591136082019,6.684054374694824,426636000,0.0,0.0
2018-10-08 00:00:00-04:00,6.60083138594712,6.716252956346487,6.441816934922494,6.58275032043457,408612000,0.0,0.0
2018-10-09 00:00:00-04:00,6.562191572602329,6.656807599988099,6.509187076728588,6.577053070068359,273500000,0.0,0.0
2018-10-10 00:00:00-04:00,6.471044139404181,6.516866388412351,6.083167876806254,6.085397243499756,684940000,0.0,0.0
2018-10-11 00:00:00-04:00,5.998210703157674,6.131713799401774,5.802291489073457,5.823840141296387,725436000,0.0,0.0
2018-10-12 00:00:00-04:00,6.080937788528623,6.180755194217778,5.935793715026597,6.106449127197266,608236000,0.0,0.0
2018-10-15 00:00:00-04:00,6.093074416660005,6.093074416660005,5.829041199811796,5.830031871795654,449760000,0.0,0.0
2018-10-16 00:00:00-04:00,5.942729099055491,6.100009736461533,5.893439741629045,6.088863849639893,408712000,0.0,0.0
2018-10-17 00:00:00-04:00,6.151033737110992,6.189177685404752,5.97121375134293,6.0202555656433105,329668000,0.0,0.0
2018-10-18 00:00:00-04:00,6.0896077860576945,6.127998811692099,5.8723869751484985,5.932822227478027,524020000,0.0,0.0
2018-10-19 00:00:00-04:00,5.988057305767104,6.0076241458847495,5.639810731188842,5.676220417022705,613608000,0.0,0.0
2018-10-22 00:00:00-04:00,5.728482189558338,5.828547172807989,5.624206494943401,5.726995944976807,368844000,0.0,0.0
2018-10-23 00:00:00-04:00,5.459741943917163,5.5528722099258285,5.367602822456018,5.475346565246582,626436000,0.0,0.0
2018-10-24 00:00:00-04:00,5.436954850346148,5.483519745276379,4.925235633520547,4.939105987548828,884288000,0.0,0.0
2018-10-25 00:00:00-04:00,4.84151792274725,5.195213366690619,4.797181922032398,5.147905349731445,951720000,0.0,0.0
2018-10-26 00:00:00-04:00,4.911860132001553,5.073599034113915,4.7833113413738975,4.911365032196045,664784000,0.0,0.0
2018-10-29 00:00:00-04:00,5.0525461558257305,5.056013744296567,4.359520726942718,4.5975470542907715,758016000,0.0,0.0
2018-10-30 00:00:00-04:00,4.6205807620852655,5.0379313828242305,4.597545870706132,5.028023719787598,807192000,0.0,0.0
2018-10-31 00:00:00-04:00,5.192737875788948,5.26555772663565,5.053042680639581,5.2219648361206055,745772000,0.0,0.0
2018-11-01 00:00:00-04:00,5.258371177450273,5.411689082798147,5.131803770730954,5.402276992797852,566528000,0.0,0.0
2018-11-02 00:00:00-04:00,5.392867257324554,5.4986291867736385,5.206607191866129,5.323267459869385,452960000,0.0,0.0
2018-11-05 00:00:00-05:00,5.310138961187519,5.333421879261396,5.084497231052926,5.245245456695557,379332000,0.0,0.0
2018-11-06 00:00:00-05:00,5.2373207775683905,5.321534058484692,5.190507853496107,5.2276611328125,299012000,0.0,0.0
2018-11-07 00:00:00-05:00,5.294288353820447,5.384941238849331,5.23063305813095,5.295279026031494,483812000,0.0,0.0
2018-11-08 00:00:00-05:00,5.236082393895384,5.236825516216669,5.048584081368131,5.102084636688232,511352000,0.0,0.0
2018-11-09 00:00:00-05:00,5.013163520414732,5.184562056237323,4.979478310923851,5.094156742095947,413240000,0.0,0.0
2018-11-12 00:00:00-05:00,5.002761896885904,5.024806125091272,4.67284395818471,4.694640636444092,617116000,0.0,0.0
2018-11-13 00:00:00-05:00,4.7924763434195174,5.057995371032563,4.7862838158697665,4.936629295349121,644712000,0.0,0.0
2018-11-14 00:00:00-05:00,5.109760752085555,5.124126676492802,4.776128231934818,4.884119033813477,526580000,0.0,0.0
2018-11-15 00:00:00-05:00,4.878174310536549,5.084992307525175,4.842259737343401,5.01291561126709,840708000,0.0,0.0
2018-11-16 00:00:00-05:00,4.045208764235521,4.227010140384748,4.002854094273998,4.072701930999756,1963520000,0.0,0.0
2018-11-19 00:00:00-05:00,4.007311290184121,4.008053939877579,3.582282052120768,3.5840158462524414,1697820000,0.0,0.0
2018-11-20 00:00:00-05:00,3.320478630365573,3.82080423964265,3.3019022271584046,3.692502975463867,1692032000,0.0,0.0
2018-11-21 00:00:00-05:00,3.8297198907404977,3.8465624945939454,3.55701771857472,3.5842630863189697,1025496000,0.0,0.0
2018-11-23 00:00:00-05:00,3.54958755394229,3.705134163980457,3.536707872756967,3.5914463996887207,411968000,0.0,0.0
2018-11-26 00:00:00-05:00,3.7125654186589845,3.8012369547872256,3.630085937854715,3.7908341884613037,814832000,0.0,0.0
2018-11-27 00:00:00-05:00,3.7648263251618577,3.888917084037636,3.728911985886783,3.807676076889038,738060000,0.0,0.0
2018-11-28 00:00:00-05:00,3.9253273507985633,3.969910903304036,3.792815387753698,3.964709520339966,804524000,0.0,0.0
2018-11-29 00:00:00-05:00,3.9669409066160366,4.0041308830363205,3.8712385366904876,3.901486396789551,549172000,0.004,0.0
2018-11-30 00:00:00-05:00,3.911156260738207,4.062643853246417,3.8608256738166706,4.051982879638672,729564000,0.0,0.0
2018-12-03 00:00:00-05:00,4.279337267668514,4.330907541332571,4.148923852142171,4.2158660888671875,890804000,0.0,0.0
2018-12-04 00:00:00-05:00,4.171238049105715,4.176196838535952,3.880163824676703,3.8952879905700684,812112000,0.0,0.0
2018-12-06 00:00:00-05:00,3.7547093450786555,3.9295026488612685,3.739089584338821,3.924544095993042,692308000,0.0,0.0
2018-12-07 00:00:00-05:00,3.9287593912283185,3.9389247690312077,3.610412492320298,3.6597511768341064,681676000,0.0,0.0
2018-12-10 00:00:00-05:00,3.6148745536938054,3.789915886627447,3.6111554618105517,3.765122413635254,629472000,0.0,0.0
2018-12-11 00:00:00-05:00,3.856858250136846,3.8650400638953015,3.5950402098662657,3.674131155014038,671912000,0.0,0.0
2018-12-12 00:00:00-05:00,3.679833883806468,3.7879330008554852,3.5905777906843377,3.691734790802002,654136000,0.0,0.0
2018-12-13 00:00:00-05:00,3.7385941548409525,3.802808970126776,3.6555363164432113,3.6914865970611572,471384000,0.0,0.0
2018-12-14 00:00:00-05:00,3.649833050311862,3.733634740459014,3.607436491849914,3.6309902667999268,471820000,0.0,0.0
2018-12-17 00:00:00-05:00,3.600989905553866,3.6731384827334708,3.501816261511004,3.559832811355591,662868000,0.0,0.0
2018-12-18 00:00:00-05:00,3.6037180251288485,3.7271891030610056,3.5764453901314455,3.643139600753784,564372000,0.0,0.0
2018-12-19 00:00:00-05:00,3.609420042926333,3.662973880016673,3.382560632989532,3.434130907058716,745364000,0.0,0.0
2018-12-20 00:00:00-05:00,3.4257014896294447,3.5157014402859024,3.2898336808839765,3.349585771560669,749588000,0.0,0.0
2018-12-21 00:00:00-05:00,3.376113928327053,3.4090892112030566,3.184957021437881,3.212477684020996,863740000,0.0,0.0
2018-12-24 00:00:00-05:00,3.136115145911929,3.222644049352493,3.086776223443109,3.150743246078491,463840000,0.0,0.0
2018-12-26 00:00:00-05:00,3.1968584465269196,3.3009906619667357,3.085784114917529,3.2999989986419678,695100000,0.0,0.0
2018-12-27 00:00:00-05:00,3.2476847149274546,3.282147496661996,3.103635101360143,3.2521474361419678,637044000,0.0,0.0
2018-12-28 00:00:00-05:00,3.272725808694643,3.4063622412168355,3.230825081725104,3.3136348724365234,628728000,0.0,0.0
2018-12-31 00:00:00-05:00,3.357023574871529,3.389502794196484,3.2791723310839056,3.3099162578582764,465140000,0.0,0.0
2019-01-02 00:00:00-05:00,3.2390074103562365,3.4333873843731295,3.224379311402081,3.377354383468628,508752000,0.0,0.0
2019-01-03 00:00:00-05:00,3.317106387782458,3.3510733407203785,3.165866848089199,3.173304796218872,705552000,0.0,0.0
2019-01-04 00:00:00-05:00,3.2464453603433014,3.414792397215356,3.2157016673404977,3.37661075592041,585620000,0.0,0.0
2019-01-07 00:00:00-05:00,3.4338835300080484,3.5923132271669935,3.382561047251001,3.555371046066284,709160000,0.0,0.0
2019-01-08 00:00:00-05:00,3.63694044684044,3.6391720437464548,3.3942132595707775,3.46685791015625,786016000,0.0,0.0
2019-01-09 00:00:00-05:00,3.5181802080935256,3.5823952495793314,3.467601836518137,3.5350399017333984,617260000,0.0,0.0
2019-01-10 00:00:00-05:00,3.5157011852102498,3.6094199848256,3.4552052331917964,3.6007423400878906,523156000,0.0,0.0
2019-01-11 00:00:00-05:00,3.578428233941729,3.712808536893921,3.550659770993849,3.6899986267089844,874764000,0.0,0.0
2019-01-14 00:00:00-05:00,3.6376843191790336,3.755204922511938,3.614130544417186,3.7299156188964844,730168000,0.0,0.0
2019-01-15 00:00:00-05:00,3.7626433580066796,3.802064931597008,3.697436882293088,3.7157840728759766,617012000,0.0,0.0
2019-01-16 00:00:00-05:00,3.7430563126045984,3.776031361634199,3.6847919593375034,3.690246343612671,470104000,0.0,0.0
2019-01-17 00:00:00-05:00,3.6572717374787245,3.801569160276129,3.629998867007829,3.7616517543792725,493436000,0.0,0.0
2019-01-18 00:00:00-05:00,3.811486293880787,3.9168582048030602,3.7599160187519485,3.890825033187866,651336000,0.0,0.0
2019-01-22 00:00:00-05:00,3.8605775017030934,3.872230374115878,3.658263510153671,3.688511371612549,661552000,0.0,0.0
2019-01-23 00:00:00-05:00,3.743800657316724,3.8325609128679687,3.670164332146747,3.701403856277466,591020000,0.0,0.0
2019-01-24 00:00:00-05:00,3.7859491065723643,3.930990147489875,3.781238351296663,3.9133870601654053,708972000,0.0,0.0
2019-01-25 00:00:00-05:00,3.853882980738401,3.988758889220741,3.751238495256053,3.9706597328186035,1154572000,0.0,0.0
2019-01-28 00:00:00-05:00,3.385536256324411,3.5117345275867393,3.247933146585214,3.421734571456909,2511528000,0.0,0.0
2019-01-29 00:00:00-05:00,3.3756189075121297,3.4239661632678837,3.248180938977569,3.2628090381622314,1153932000,0.0,0.0
2019-01-30 00:00:00-05:00,3.3389251639863673,3.420743315672081,3.259338373446965,3.4063632488250732,974228000,0.0,0.0
2019-01-31 00:00:00-05:00,3.403139216263978,3.5997507698448317,3.3813209686109746,3.5640482902526855,842852000,0.0,0.0
2019-02-01 00:00:00-05:00,3.5826435853708083,3.639420451798494,3.5350404327895575,3.588346004486084,625048000,0.0,0.0
2019-02-04 00:00:00-05:00,3.604214141754355,3.735867044238217,3.5821480925180103,3.6986770629882812,528592000,0.0,0.0
2019-02-05 00:00:00-05:00,3.7105773265095787,3.754461622517804,3.676858407574305,3.7177674770355225,542424000,0.0,0.0
2019-02-06 00:00:00-05:00,3.750990140024344,3.857849776668193,3.745535755678516,3.793386936187744,702464000,0.0,0.0
2019-02-07 00:00:00-05:00,3.747023538367698,3.749254899084934,3.6121476310741185,3.6550400257110596,637120000,0.0,0.0
2019-02-08 00:00:00-05:00,3.5878497494813453,3.6842959771635266,3.5734696863550894,3.6736350059509277,461604000,0.0,0.0
2019-02-11 00:00:00-05:00,3.6295025355146233,3.6837999984666987,3.58264301964484,3.6309902667999268,495180000,0.0,0.0
2019-02-12 00:00:00-05:00,3.6694205240536126,3.7636354025064613,3.655040222748471,3.7480154037475586,591060000,0.0,0.0
2019-02-13 00:00:00-05:00,3.7775193802480853,3.863552438847325,3.7638829456268743,3.790411949157715,605372000,0.0,0.0
2019-02-14 00:00:00-05:00,3.789420742112638,3.859586013852387,3.7462800723679313,3.8313214778900146,827264000,0.0,0.0
2019-02-15 00:00:00-05:00,4.040081563630015,4.062891240218851,3.87818081152665,3.9009907245635986,1516748000,0.0,0.0
2019-02-19 00:00:00-05:00,3.8903291239877618,3.9642134771859894,3.8712383052457624,3.8836348056793213,551892000,0.0,0.0
2019-02-20 00:00:00-05:00,3.9128910633713883,3.998180255082452,3.9017342600920597,3.930990219116211,540988000,0.0,0.0
2019-02-21 00:00:00-05:00,3.943635178401896,3.968180383235593,3.847436739975377,3.862064838409424,448548000,0.0,0.0
2019-02-22 00:00:00-05:00,3.9138835881369767,3.9657016689406897,3.9002471515262602,3.9468586444854736,401740000,0.0,0.0
2019-02-25 00:00:00-05:00,4.030411506901344,4.097849333668331,3.925783236196073,3.9344611167907715,656020000,0.0,0.0
2019-02-26 00:00:00-05:00,3.9297506120735117,3.985783606228599,3.861568678891669,3.8950397968292236,488464000,0.0,0.0
2019-02-27 00:00:00-05:00,3.88065958805678,3.907188352791523,3.7961140319155415,3.8531389236450195,500256000,0.0,0.0
2019-02-28 00:00:00-05:00,3.846935276386582,3.8692723577975836,3.806232329093694,3.828569173812866,324944000,0.004,0.0
2019-03-01 00:00:00-05:00,3.878453662450382,3.925113176756087,3.820129269568251,3.8829212188720703,357188000,0.0,0.0
2019-03-04 00:00:00-05:00,3.921391120404415,3.9442245386727643,3.834524767780042,3.8911120891571045,409992000,0.0,0.0
2019-03-05 00:00:00-05:00,3.875475884898595,3.9228800376831297,3.8211224619707895,3.8846590518951416,362924000,0.0,0.0
2019-03-06 00:00:00-05:00,3.875724958341543,3.8841632580683716,3.7709890690026233,3.773719072341919,403524000,0.0,0.0
2019-03-07 00:00:00-05:00,3.750140331612972,3.7598198414219204,3.6583103167185556,3.7044734954833984,450104000,0.0,0.0
2019-03-08 00:00:00-05:00,3.6151259050254856,3.74939642820043,3.5937815120645666,3.7387242317199707,422416000,0.0,0.0
2019-03-11 00:00:00-04:00,3.7623018788086884,4.022155834720937,3.7151457769845933,3.9993226528167725,859728000,0.0,0.0
2019-03-12 00:00:00-04:00,4.027118557525499,4.0799827026827185,3.9509244212526493,4.033571720123291,579576000,0.0,0.0
2019-03-13 00:00:00-04:00,4.071049193088349,4.21425434063873,4.063603343422483,4.184967994689941,768900000,0.0,0.0
2019-03-14 00:00:00-04:00,4.194151175767542,4.206064345918791,4.101328237837896,4.10902214050293,519384000,0.0,0.0
2019-03-15 00:00:00-04:00,4.1522069588309165,4.257191118156183,4.148732323709363,4.214502811431885,661484000,0.0,0.0
2019-03-18 00:00:00-04:00,4.24602278826156,4.299880108664505,4.166105703171812,4.1931586265563965,486992000,0.0,0.0
2019-03-19 00:00:00-04:00,4.287718859214613,4.405360838823117,4.270842260344442,4.360934734344482,854972000,0.0,0.0
2019-03-20 00:00:00-04:00,4.389972339367104,4.443333077578124,4.293674768264406,4.328421592712402,719148000,0.0,0.0
2019-03-21 00:00:00-04:00,4.351503129081184,4.591501941723311,4.346539229586197,4.5651936531066895,824312000,0.0,0.0
2019-03-22 00:00:00-04:00,4.537894393310022,4.586539296186562,4.391462631858098,4.405361175537109,747644000,0.0,0.0
2019-03-25 00:00:00-04:00,4.364656998961132,4.428937745346452,4.246766990583778,4.313033580780029,525212000,0.0,0.0
2019-03-26 00:00:00-04:00,4.454750119798993,4.510840866511275,4.333385458354853,4.3897247314453125,703508000,0.0,0.0
2019-03-27 00:00:00-04:00,4.415288631311454,4.461699633153231,4.31104908850221,4.380541801452637,474372000,0.0,0.0
2019-03-28 00:00:00-04:00,4.406601470742921,4.464926116428568,4.346043401267058,4.399156093597412,480264000,0.0,0.0
2019-03-29 00:00:00-04:00,4.465916965730276,4.480808660665991,4.415534770676294,4.456485748291016,456896000,0.0,0.0
2019-04-01 00:00:00-04:00,4.5483183278939725,4.554274914274913,4.476591711677349,4.523995876312256,483824000,0.0,0.0
2019-04-02 00:00:00-04:00,4.548069029398765,4.586290014274835,4.505132197961692,4.541863918304443,440920000,0.0,0.0
2019-04-03 00:00:00-04:00,4.591501544121216,4.740415202391031,4.586537645056079,4.6813459396362305,783504000,0.0,0.0
2019-04-04 00:00:00-04:00,4.665958754324384,4.714852172484048,4.609619959964738,4.672411918640137,457376000,0.0,0.0
2019-04-05 00:00:00-04:00,4.7155970281119926,4.756548492685493,4.6791133575303165,4.739174842834473,481744000,0.0,0.0
2019-04-08 00:00:00-04:00,4.708647275038631,4.785089717046116,4.684572883433844,4.7600226402282715,424192000,0.0,0.0
2019-04-09 00:00:00-04:00,4.726517160714395,4.737685698093602,4.655038616164168,4.697230815887451,439972000,0.0,0.0
2019-04-10 00:00:00-04:00,4.6964859167832,4.793527639264925,4.692018596762028,4.767715930938721,444772000,0.0,0.0
2019-04-11 00:00:00-04:00,4.770198047862929,4.801718288833608,4.704428036606606,4.753817558288574,374600000,0.0,0.0
2019-04-12 00:00:00-04:00,4.7925351267018685,4.796506340965666,4.707158043790051,4.715844631195068,471708000,0.0,0.0
2019-04-15 00:00:00-04:00,4.708152011688977,4.7131159125252005,4.544347071162689,4.584057331085205,440092000,0.0,0.0
2019-04-16 00:00:00-04:00,4.623271395857741,4.690034109298887,4.590510408383831,4.67117166519165,394964000,0.0,0.0
2019-04-17 00:00:00-04:00,4.706164938371236,4.727012746281841,4.625999815060123,4.648336887359619,351004000,0.0,0.0
2019-04-18 00:00:00-04:00,4.655039090990628,4.689040812525117,4.595969815999399,4.623766899108887,380988000,0.0,0.0
2019-04-22 00:00:00-04:00,4.600188619320266,4.693259606449838,4.5686688510146265,4.677623748779297,279936000,0.0,0.0
2019-04-23 00:00:00-04:00,4.690776903580418,4.763496648120563,4.681097632297862,4.732224464416504,346856000,0.0,0.0
2019-04-24 00:00:00-04:00,4.742647354660456,4.785336117767285,4.681841264249579,4.744633197784424,318204000,0.0,0.0
2019-04-25 00:00:00-04:00,4.70442844283712,4.726765519038562,4.559237920911296,4.638906478881836,499296000,0.0,0.0
2019-04-26 00:00:00-04:00,4.485030732751916,4.489498528529311,4.301122568296478,4.4200053215026855,868988000,0.0,0.0
2019-04-29 00:00:00-04:00,4.427944832071117,4.478575562430768,4.355721660928944,4.450778484344482,391920000,0.0,0.0
2019-04-30 00:00:00-04:00,4.418514156009542,4.517789785221679,4.399403662476442,4.492226600646973,362920000,0.0,0.0
2019-05-01 00:00:00-04:00,4.5445950154557435,4.586787220391971,4.478824521259415,4.4790730476379395,354280000,0.0,0.0
2019-05-02 00:00:00-04:00,4.4887527217962235,4.5882764207529725,4.445567827647048,4.546580791473389,394684000,0.0,0.0
2019-05-03 00:00:00-04:00,4.555018683115511,4.564946009612433,4.4805616041626095,4.542112827301025,336824000,0.0,0.0
2019-05-06 00:00:00-04:00,4.35572234153958,4.475846259268589,4.31849403851635,4.463685035705566,422176000,0.0,0.0
2019-05-07 00:00:00-04:00,4.415288506687981,4.415288506687981,4.248257000546208,4.296405792236328,555220000,0.0,0.0
2019-05-08 00:00:00-04:00,4.268856088354296,4.396673424545145,4.2569429188090275,4.3165082931518555,419168000,0.0,0.0
2019-05-09 00:00:00-04:00,4.247511984459782,4.257191257846926,4.105051466418007,4.223933696746826,660248000,0.0,0.0
2019-05-10 00:00:00-04:00,4.1931574972724555,4.258679444200916,4.070303610089878,4.1899309158325195,569500000,0.0,0.0
2019-05-13 00:00:00-04:00,4.057895852056923,4.080977563202971,3.9166760553201314,3.9325602054595947,656912000,0.0,0.0
2019-05-14 00:00:00-04:00,3.9722693798186035,4.056902302663649,3.933552053170589,4.0216593742370605,524880000,0.0,0.0
2019-05-15 00:00:00-04:00,3.966065866629813,3.9970895366880255,3.9067487666418783,3.9606058597564697,502320000,0.0,0.0
2019-05-16 00:00:00-04:00,3.9551459123154564,4.018434232375663,3.9127056458974354,3.975745439529419,781088000,0.0,0.0
2019-05-17 00:00:00-04:00,3.933801147599461,4.063107771474698,3.845445755501489,3.8849077224731445,1022068000,0.0,0.0
2019-05-20 00:00:00-04:00,3.786128867617679,3.8412269380522637,3.7414547052778913,3.7662737369537354,572064000,0.0,0.0
2019-05-21 00:00:00-04:00,3.827079089276912,3.8643073902260965,3.7883615237423713,3.8484232425689697,361848000,0.0,0.0
2019-05-22 00:00:00-04:00,3.8097061414918434,3.835765906375919,3.766521016311151,3.7774415016174316,325868000,0.0,0.0
2019-05-23 00:00:00-04:00,3.7151456064881194,3.7151456064881194,3.5965111984397193,3.656324863433838,591844000,0.0,0.0
2019-05-24 00:00:00-04:00,3.6751875449409863,3.710430479443989,3.595767034155915,3.602468252182007,357584000,0.0,0.0
2019-05-28 00:00:00-04:00,3.620089914000059,3.652850900128863,3.55531233746952,3.557297945022583,428356000,0.0,0.0
2019-05-29 00:00:00-04:00,3.509645557963519,3.544640205295166,3.4483428527061144,3.4830894470214844,559800000,0.0,0.0
2019-05-30 00:00:00-04:00,3.4863196024208847,3.522099675403888,3.418238058205867,3.456502914428711,394300000,0.004,0.0
2019-05-31 00:00:00-04:00,3.4075540957747843,3.474890165844587,3.364071331617893,3.3658106327056885,389720000,0.0,0.0
2019-06-03 00:00:00-04:00,3.376990899598896,3.4157526580768924,3.294746627086541,3.324066400527954,478644000,0.0,0.0
2019-06-04 00:00:00-04:00,3.388172347229134,3.558376185167301,3.3660583480395427,3.5531582832336426,641836000,0.0,0.0
2019-06-05 00:00:00-04:00,3.6269546556211023,3.632421130669849,3.474144059991226,3.51042103767395,511616000,0.0,0.0
2019-06-06 00:00:00-04:00,3.5146450248599215,3.597137872711987,3.512160242000285,3.5725390911102295,408140000,0.0,0.0
2019-06-07 00:00:00-04:00,3.578502687044135,3.6495656801261256,3.5593701422465647,3.615276575088501,348856000,0.0,0.0
2019-06-10 00:00:00-04:00,3.671431594222024,3.75665780885729,3.671431594222024,3.688079357147217,402780000,0.0,0.0
2019-06-11 00:00:00-04:00,3.7479604108841413,3.7857283502627457,3.706217198259694,3.7457242012023926,383872000,0.0,0.0
2019-06-12 00:00:00-04:00,3.702241954738312,3.7084539124348197,3.6175128896307696,3.632669687271118,358892000,0.0,0.0
2019-06-13 00:00:00-04:00,3.654784089700927,3.7022423616939273,3.6371425070427876,3.6838555335998535,308080000,0.0,0.0
2019-06-14 00:00:00-04:00,3.59067780474872,3.615028014807577,3.549182923629349,3.5939078330993652,394428000,0.0,0.0
2019-06-17 00:00:00-04:00,3.592168259003896,3.6406205762717807,3.5693087783168838,3.603598117828369,276040000,0.0,0.0
2019-06-18 00:00:00-04:00,3.664970789513575,3.8540583553736756,3.654038076808914,3.7986490726470947,581920000,0.0,0.0
2019-06-19 00:00:00-04:00,3.833932171595601,3.845361793298085,3.778522652759161,3.804612398147583,331644000,0.0,0.0
2019-06-20 00:00:00-04:00,3.895305280220598,3.909219686296578,3.814551726007128,3.828963041305542,350168000,0.0,0.0
2019-06-21 00:00:00-04:00,3.8140543165689773,3.863251877567005,3.76435960945176,3.770819902420044,434428000,0.0,0.0
2019-06-24 00:00:00-04:00,3.792188554758595,3.822750718261437,3.7449786316365072,3.793182373046875,282948000,0.0,0.0
2019-06-25 00:00:00-04:00,3.79815218806245,3.8731909238839837,3.7611297293284847,3.7638628482818604,311868000,0.0,0.0
2019-06-26 00:00:00-04:00,3.8913296866554123,4.0182993502821525,3.8784090992993048,3.957174777984619,584072000,0.0,0.0
2019-06-27 00:00:00-04:00,4.042897494829749,4.074950386948419,4.006868855487333,4.0558180809021,445440000,0.0,0.0
2019-06-28 00:00:00-04:00,4.099797895145651,4.108991544364578,4.033952807879254,4.080665588378906,397668000,0.0,0.0
2019-07-01 00:00:00-04:00,4.287892348606211,4.322181694312389,4.0913503990194595,4.128870010375977,709756000,0.0,0.0
2019-07-02 00:00:00-04:00,4.112221996858911,4.133342417670749,4.017802602313374,4.030971527099609,400228000,0.0,0.0
2019-07-03 00:00:00-04:00,4.054327233500396,4.060042281438798,3.9840097272590325,4.043891429901123,246636000,0.0,0.0
2019-07-05 00:00:00-04:00,3.9855008341614826,3.9899732538747124,3.9179159705348487,3.981276750564575,396552000,0.0,0.0
2019-07-08 00:00:00-04:00,3.921643210752934,3.940527182235838,3.87617281969884,3.906237840652466,329788000,0.0,0.0
2019-07-09 00:00:00-04:00,3.863997257485845,3.9367997832055943,3.85132524416724,3.908722400665283,342860000,0.0,0.0
2019-07-10 00:00:00-04:00,3.952205569967591,4.034449852617159,3.9382911637615434,3.977052927017212,452076000,0.0,0.0
2019-07-11 00:00:00-04:00,4.050103958684212,4.172352645146107,4.012833156399185,4.131603240966797,682560000,0.0,0.0
2019-07-12 00:00:00-04:00,4.159432060531948,4.235713440054002,4.159432060531948,4.164649963378906,506392000,0.0,0.0
2019-07-15 00:00:00-04:00,4.185770910050978,4.201921292932884,4.12787682523172,4.15620231628418,289840000,0.0,0.0
2019-07-16 00:00:00-04:00,4.1412932060988865,4.1785640051605855,4.095822575324696,4.151480674743652,341444000,0.0,0.0
2019-07-17 00:00:00-04:00,4.1532211150764065,4.22378745869683,4.123901329623136,4.216830253601074,348204000,0.0,0.0
2019-07-18 00:00:00-04:00,4.227266317424845,4.291372132241825,4.1706143805627205,4.228508472442627,442192000,0.0,0.0
2019-07-19 00:00:00-04:00,4.266771965390809,4.2732320221070195,4.179309309167738,4.185272693634033,344896000,0.0,0.0
2019-07-22 00:00:00-04:00,4.206642631211875,4.269754621140427,4.199188280052174,4.256834030151367,315940000,0.0,0.0
2019-07-23 00:00:00-04:00,4.296091591719843,4.366657436582832,4.280437411839325,4.3646697998046875,428176000,0.0,0.0
2019-07-24 00:00:00-04:00,4.407903483339598,4.444925939221409,4.331870935021893,4.439210891723633,366236000,0.0,0.0
2019-07-25 00:00:00-04:00,4.39771684030584,4.410389092040191,4.284661814931626,4.308018207550049,392700000,0.0,0.0
2019-07-26 00:00:00-04:00,4.335101694508555,4.39672270003066,4.335101694508555,4.350009918212891,274160000,0.0,0.0
2019-07-29 00:00:00-04:00,4.342804818899132,4.359949491159782,4.255590966821345,4.343798637390137,248160000,0.0,0.0
2019-07-30 00:00:00-04:00,4.297332680913352,4.371625918722874,4.282921133034723,4.359450817108154,197772000,0.0,0.0
2019-07-31 00:00:00-04:00,4.327895180969648,4.328889473168909,4.149988913724426,4.192229270935059,359416000,0.0,0.0
2019-08-01 00:00:00-04:00,4.202666429787182,4.2931105569684584,4.045631717427071,4.097811222076416,421212000,0.0,0.0
2019-08-02 00:00:00-04:00,4.005130767822266,4.074454948626088,3.9576727294469674,4.005130767822266,428348000,0.0,0.0
2019-08-05 00:00:00-04:00,3.8215092987895436,3.822751690446813,3.6997577599209186,3.7467191219329834,589156000,0.0,0.0
2019-08-06 00:00:00-04:00,3.8215091449924685,3.8669795404010574,3.737773893750693,3.785480499267578,361272000,0.0,0.0
2019-08-07 00:00:00-04:00,3.724604862828124,3.8356722593987147,3.7072118536406844,3.8237454891204834,372560000,0.0,0.0
2019-08-08 00:00:00-04:00,3.8813906437402523,3.933569900389705,3.823993485122048,3.9323275089263916,309300000,0.0,0.0
2019-08-09 00:00:00-04:00,3.8913295885135373,3.8948081898707607,3.78051078035783,3.8309507369995117,341816000,0.0,0.0
2019-08-12 00:00:00-04:00,3.77877173580928,3.8309509966663513,3.7412523636547284,3.763118028640747,279200000,0.0,0.0
2019-08-13 00:00:00-04:00,3.7616274987028926,3.923383202357374,3.7226173943410084,3.877415657043457,351956000,0.0,0.0
2019-08-14 00:00:00-04:00,3.789207039377274,3.800388325007801,3.685097104531583,3.728828191757202,419880000,0.0,0.0
2019-08-15 00:00:00-04:00,3.747711960271781,3.7675897476651565,3.662237427087884,3.696526527404785,477200000,0.0,0.0
2019-08-16 00:00:00-04:00,3.9594117472601167,4.0138269860479845,3.898038830740484,3.964629650115967,1007960000,0.0,0.0
2019-08-19 00:00:00-04:00,4.077932508773906,4.2593173945686855,4.061781656938408,4.243414878845215,815112000,0.0,0.0
2019-08-20 00:00:00-04:00,4.237948097224445,4.238445243308608,4.149988784613773,4.171109199523926,463188000,0.0,0.0
2019-08-21 00:00:00-04:00,4.237202276992844,4.309756216215315,4.215585191647073,4.2545952796936035,427244000,0.0,0.0
2019-08-22 00:00:00-04:00,4.264286114764787,4.306774803766282,4.221548615776724,4.260807514190674,303488000,0.0,0.0
2019-08-23 00:00:00-04:00,4.184279420817807,4.238694896484828,4.016311763283517,4.036189556121826,568056000,0.0,0.0
2019-08-26 00:00:00-04:00,4.114954827476076,4.139056699387173,4.072714467605773,4.110979080200195,318208000,0.0,0.0
2019-08-27 00:00:00-04:00,4.149244594136765,4.15197771364096,3.990967733735244,4.02028751373291,290968000,0.0,0.0
2019-08-28 00:00:00-04:00,3.9939227058149274,4.062568795649351,3.9546249387354337,4.009840488433838,255612000,0.004,0.0
2019-08-29 00:00:00-04:00,4.10136859985404,4.185932940007151,4.097886555532193,4.153599739074707,357976000,0.0,0.0
2019-08-30 00:00:00-04:00,4.199862585844245,4.249606500172646,4.148129066748508,4.166285514831543,290616000,0.0,0.0
2019-09-03 00:00:00-04:00,4.093410405266968,4.126489831949737,4.060330978584198,4.083212852478027,296140000,0.0,0.0
2019-09-04 00:00:00-04:00,4.143900285493805,4.204836549248497,4.143900285493805,4.1973748207092285,227728000,0.0,0.0
2019-09-05 00:00:00-04:00,4.29959830937344,4.476685913980088,4.297857286881975,4.470468044281006,695676000,0.0,0.0
2019-09-06 00:00:00-04:00,4.447088094623574,4.504044673404991,4.405303554477089,4.443357467651367,376976000,0.0,0.0
2019-09-09 00:00:00-04:00,4.474446413040609,4.5759238111937055,4.47295397278728,4.4893693923950195,417524000,0.0,0.0
2019-09-10 00:00:00-04:00,4.456539128653216,4.582639435304797,4.4468392145399465,4.556026935577393,352812000,0.0,0.0
2019-09-11 00:00:00-04:00,4.570701356494233,4.632880998918888,4.541601139624015,4.584629535675049,361512000,0.0,0.0
2019-09-12 00:00:00-04:00,4.631139434210869,4.685857342355563,4.575177667703246,4.583136558532715,327840000,0.0,0.0
2019-09-13 00:00:00-04:00,4.516480473289425,4.5535395808335615,4.481410970029011,4.525185585021973,324592000,0.0,0.0
2019-09-16 00:00:00-04:00,4.450073554495647,4.516730056710028,4.439627418100394,4.482158184051514,231832000,0.0,0.0
2019-09-17 00:00:00-04:00,4.4888723170502995,4.507774979321848,4.442361881512801,4.503546714782715,223048000,0.0,0.0
2019-09-18 00:00:00-04:00,4.496582658938873,4.512251858843622,4.389882191407051,4.476436138153076,258152000,0.0,0.0
2019-09-19 00:00:00-04:00,4.4824054396218065,4.500810938256271,4.3901307877096345,4.4008259773254395,245476000,0.0,0.0
2019-09-20 00:00:00-04:00,4.39983158970363,4.423459682822821,4.284923638142132,4.295120716094971,350244000,0.0,0.0
2019-09-23 00:00:00-04:00,4.2953696700313815,4.3941107795295,4.291638569022442,4.348595142364502,249712000,0.0,0.0
2019-09-24 00:00:00-04:00,4.37993509931198,4.409532486390238,4.255575787912032,4.291142463684082,317268000,0.0,0.0
2019-09-25 00:00:00-04:00,4.29064377648413,4.452559803237135,4.245874359420754,4.432910919189453,308432000,0.0,0.0
2019-09-26 00:00:00-04:00,4.423210920291036,4.43191603184233,4.359787422539616,4.4107747077941895,234564000,0.0,0.0
2019-09-27 00:00:00-04:00,4.36898892656498,4.419727615419777,4.2113012126979745,4.271988868713379,362056000,0.0,0.0
2019-09-30 00:00:00-04:00,4.297857420629497,4.339641961724971,4.266518540414827,4.329444408416748,186184000,0.0,0.0
2019-10-01 00:00:00-04:00,4.35257351212279,4.501804698845573,4.322976141275214,4.327701568603516,366008000,0.0,0.0
2019-10-02 00:00:00-04:00,4.305815936429541,4.3177545112391185,4.231449137403116,4.303826332092285,293372000,0.0,0.0
2019-10-03 00:00:00-04:00,4.30830338040873,4.5157345856427185,4.277959778078787,4.509516716003418,450588000,0.0,0.0
2019-10-04 00:00:00-04:00,4.511754124634959,4.55528015339296,4.446590084043737,4.525931358337402,265524000,0.0,0.0
2019-10-07 00:00:00-04:00,4.590847405038909,4.684365450620401,4.582142293050899,4.584629535675049,480984000,0.0,0.0
2019-10-08 00:00:00-04:00,4.492852512401792,4.492852512401792,4.389883123735421,4.408039569854736,444436000,0.0,0.0
2019-10-09 00:00:00-04:00,4.484894180741179,4.544089430305576,4.456043013554205,4.494594097137451,292412000,0.0,0.0
2019-10-10 00:00:00-04:00,4.492356587557064,4.603284899421723,4.4871335183722225,4.552297592163086,309124000,0.0,0.0
2019-10-11 00:00:00-04:00,4.636363092350418,4.70923745186966,4.617460427723012,4.625916957855225,446404000,0.0,0.0
2019-10-14 00:00:00-04:00,4.617210950919804,4.660239343503863,4.586121132212511,4.639347076416016,200040000,0.0,0.0
2019-10-15 00:00:00-04:00,4.729631847270834,4.956711896279779,4.715703195640915,4.884085655212402,664124000,0.0,0.0
2019-10-16 00:00:00-04:00,4.85001215847621,4.954971616075446,4.818922336947517,4.8303632736206055,428944000,0.0,0.0
2019-10-17 00:00:00-04:00,4.874884352229005,4.919902355311818,4.7778837816638395,4.832353591918945,263436000,0.0,0.0
2019-10-18 00:00:00-04:00,4.832850179165665,4.865432438889939,4.663472904014173,4.737839698791504,307440000,0.0,0.0
2019-10-21 00:00:00-04:00,4.799273791765229,4.8885640539462045,4.780371125805909,4.875133037567139,261868000,0.0,0.0
2019-10-22 00:00:00-04:00,4.932089864032561,5.03729791628583,4.8574744731088835,4.865184783935547,328720000,0.0,0.0
2019-10-23 00:00:00-04:00,4.783107316807916,4.866427814808763,4.751271273511901,4.852251052856445,279916000,0.0,0.0
2019-10-24 00:00:00-04:00,4.89353779078349,4.929850680091859,4.859463562210446,4.896274089813232,232020000,0.0,0.0
2019-10-25 00:00:00-04:00,4.9768582365515766,5.108181600435388,4.969147927354384,5.087289333343506,423092000,0.0,0.0
2019-10-28 00:00:00-04:00,5.131063312412015,5.1957301902552,5.1017145168675295,5.143250942230225,330792000,0.0,0.0
2019-10-29 00:00:00-04:00,5.129322759642981,5.135789685215636,5.027597242380562,5.0469970703125,211236000,0.0,0.0
2019-10-30 00:00:00-04:00,5.0738598226675355,5.079580529377761,4.980838920887303,5.048987865447998,205960000,0.0,0.0
2019-10-31 00:00:00-04:00,5.028095556827667,5.048987829963723,4.91990308923515,4.999741554260254,209732000,0.0,0.0
2019-11-01 00:00:00-04:00,4.964422474776134,5.0711229548075165,4.939301940723574,5.038789749145508,283640000,0.0,0.0
2019-11-04 00:00:00-05:00,5.119870970981655,5.247961342989594,5.0967405184472465,5.235525131225586,376716000,0.0,0.0
2019-11-05 00:00:00-05:00,5.235276943707996,5.261392278790355,5.165386993825915,5.213389873504639,300868000,0.0,0.0
2019-11-06 00:00:00-05:00,5.189265053344421,5.214882754657109,5.076595271028035,5.164144515991211,269012000,0.0,0.0
